,Company Name,Symbols
0,20 Microns Limited,20MICRONS.NS
1,21st Century Management Services Limited,21STCENMGM.NS
2,3i Infotech Limited,3IINFOLTD.NS
3,3M India Limited,3MINDIA.NS
4,3P Land Holdings Limited,3PLAND.NS
5,5Paisa Capital Limited,5PAISA.NS
6,63 moons technologies limited,63MOONS.NS
7,A2Z Infra Engineering Limited,A2ZINFRA.NS
8,Aakash Exploration Services Limited,AAKASH.NS
9,Aarey Drugs & Pharmaceuticals Limited,AAREYDRUGS.NS
10,Aaron Industries Limited,AARON.NS
11,Aarti Drugs Limited,AARTIDRUGS.NS
12,Aarti Industries Limited,AARTIIND.NS
13,Aarti Surfactants Limited,AARTISURF.NS
14,Aarvee Denims & Exports Limited,AARVEEDEN.NS
15,Aarvi Encon Limited,AARVI.NS
16,Aavas Financiers Limited,AAVAS.NS
17,Aban Offshore Limited,ABAN.NS
18,ABB India Limited,ABB.NS
19,Abbott India Limited,ABBOTINDIA.NS
20,Aditya Birla Capital Limited,ABCAPITAL.NS
21,Aditya Birla Fashion and Retail Limited,ABFRL.NS
22,ABM International Limited,ABMINTLLTD.NS
23,Aditya Birla Sun Life AMC Limited,ABSLAMC.NS
24,ACC Limited,ACC.NS
25,Accelya Solutions India Limited,ACCELYA.NS
26,Accuracy Shipping Limited,ACCURACY.NS
27,Action Construction Equipment Limited,ACE.NS
28,Acrysil Limited,ACRYSIL.NS
29,Adani Enterprises Limited,ADANIENT.NS
30,Adani Green Energy Limited,ADANIGREEN.NS
31,Adani Ports and Special Economic Zone Limited,ADANIPORTS.NS
32,Adani Power Limited,ADANIPOWER.NS
33,Adani Transmission Limited,ADANITRANS.NS
34,ADF Foods Limited,ADFFOODS.NS
35,Archidply Decor Limited,ADL.NS
36,Ador Welding Limited,ADORWELD.NS
37,Adroit Infotech Limited,ADROITINFO.NS
38,Allied Digital Services Limited,ADSL.NS
39,Advani Hotels & Resorts (India) Limited,ADVANIHOTR.NS
40,Advanced Enzyme Technologies Limited,ADVENZYMES.NS
41,Aegis Logistics Limited,AEGISCHEM.NS
42,Affle (India) Limited,AFFLE.NS
43,Agarwal Industrial Corporation Limited,AGARIND.NS
44,Agri-Tech (India) Limited,AGRITECH.NS
45,Agro Phos India Limited,AGROPHOS.NS
46,Ahlada Engineers Limited,AHLADA.NS
47,Asian Hotels (East) Limited,AHLEAST.NS
48,Ahluwalia Contracts (India) Limited,AHLUCONT.NS
49,AIA Engineering Limited,AIAENG.NS
50,Airan Limited,AIRAN.NS
51,Airo Lam limited,AIROLAM.NS
52,Ajanta Pharma Limited,AJANTPHARM.NS
53,Ajmera Realty & Infra India Limited,AJMERA.NS
54,Ajooni Biotech Limited,AJOONI.NS
55,AJR INFRA AND TOLLING LIMITED,AJRINFRA.NS
56,Akash Infra-Projects Limited,AKASH.NS
57,Akg Exim Limited,AKG.NS
58,AksharChem India Limited,AKSHARCHEM.NS
59,Aksh Optifibre Limited,AKSHOPTFBR.NS
60,Akzo Nobel India Limited,AKZOINDIA.NS
61,Alankit Limited,ALANKIT.NS
62,Albert David Limited,ALBERTDAVD.NS
63,Alembic Limited,ALEMBICLTD.NS
64,Alicon Castalloy Limited,ALICON.NS
65,Alkali Metals Limited,ALKALI.NS
66,Alkem Laboratories Limited,ALKEM.NS
67,Alkyl Amines Chemicals Limited,ALKYLAMINE.NS
68,Allcargo Logistics Limited,ALLCARGO.NS
69,Allsec Technologies Limited,ALLSEC.NS
70,Almondz Global Securities Limited,ALMONDZ.NS
71,Alok Industries Limited,ALOKINDS.NS
72,Alpa Laboratories Limited,ALPA.NS
73,Alphageo (India) Limited,ALPHAGEO.NS
74,Amara Raja Batteries Limited,AMARAJABAT.NS
75,Amber Enterprises India Limited,AMBER.NS
76,Ambica Agarbathies & Aroma industries Limited,AMBICAAGAR.NS
77,Ambika Cotton Mills Limited,AMBIKCO.NS
78,Ambuja Cements Limited,AMBUJACEM.NS
79,AMD Industries Limited,AMDIND.NS
80,Ami Organics Limited,AMIORG.NS
81,Amj Land Holdings Limited,AMJLAND.NS
82,Amrutanjan Health Care Limited,AMRUTANJAN.NS
83,Anand Rathi Wealth Limited,ANANDRATHI.NS
84,Anant Raj Limited,ANANTRAJ.NS
85,Andhra Cements Limited,ANDHRACEMT.NS
86,ANDHRA PAPER LIMITED,ANDHRAPAP.NS
87,The Andhra Sugars Limited,ANDHRSUGAR.NS
88,Andrew Yule & Company Limited,ANDREWYU.NS
89,Angel One Limited,ANGELONE.NS
90,Anik Industries Limited,ANIKINDS.NS
91,Ankit Metal & Power Limited,ANKITMETAL.NS
92,Anmol India Limited,ANMOL.NS
93,Ansal Properties & Infrastructure Limited,ANSALAPI.NS
94,Ansal Housing Limited,ANSALHSG.NS
95,The Anup Engineering Limited,ANUP.NS
96,Anupam Rasayan India Limited,ANURAS.NS
97,Apar Industries Limited,APARINDS.NS
98,Anjani Portland Cement Limited,APCL.NS
99,Apcotex Industries Limited,APCOTEXIND.NS
100,Apex Frozen Foods Limited,APEX.NS
101,APL Apollo Tubes Limited,APLAPOLLO.NS
102,Alembic Pharmaceuticals Limited,APLLTD.NS
103,Apollo Micro Systems Limited,APOLLO.NS
104,Apollo Hospitals Enterprise Limited,APOLLOHOSP.NS
105,Apollo Pipes Limited,APOLLOPIPE.NS
106,Apollo Tyres Limited,APOLLOTYRE.NS
107,Apollo Sindoori Hotels Limited,APOLSINHOT.NS
108,Aptech Limited,APTECHT.NS
109,Aptus Value Housing Finance India Limited,APTUS.NS
110,Archidply Industries Limited,ARCHIDPLY.NS
111,Archies Limited,ARCHIES.NS
112,Rajdarshan Industries Limited,ARENTERP.NS
113,Aries Agro Limited,ARIES.NS
114,Arihant Foundations & Housing Limited,ARIHANT.NS
115,Arihant Capital Markets Limited,ARIHANTCAP.NS
116,Arihant Superstructures Limited,ARIHANTSUP.NS
117,Arman Financial Services Limited,ARMANFIN.NS
118,Aro Granite Industries Limited,AROGRANITE.NS
119,Arrow Greentech Limited,ARROWGREEN.NS
120,Arshiya Limited,ARSHIYA.NS
121,ARSS Infrastructure Projects Limited,ARSSINFRA.NS
122,Artemis Medicare Services Limited,ARTEMISMED.NS
123,Art Nirman Limited,ARTNIRMAN.NS
124,Arvee Laboratories (India) Limited,ARVEE.NS
125,Arvind Limited,ARVIND.NS
126,Arvind Fashions Limited,ARVINDFASN.NS
127,Arvind SmartSpaces Limited,ARVSMART.NS
128,Asahi India Glass Limited,ASAHIINDIA.NS
129,Asahi Songwon Colors Limited,ASAHISONG.NS
130,Automotive Stampings and Assemblies Limited,ASAL.NS
131,Associated Alcohols & Breweries Ltd.,ASALCBR.NS
132,Ashapura Minechem Limited,ASHAPURMIN.NS
133,Ashiana Housing Limited,ASHIANA.NS
134,Ashima Limited,ASHIMASYN.NS
135,Ashoka Buildcon Limited,ASHOKA.NS
136,Ashok Leyland Limited,ASHOKLEY.NS
137,Asian Energy Services Limited,ASIANENE.NS
138,Asian Hotels (North) Limited,ASIANHOTNR.NS
139,Asian Paints Limited,ASIANPAINT.NS
140,Asian Granito India Limited,ASIANTILES.NS
141,Aspinwall and Company Limited,ASPINWALL.NS
142,Astec LifeSciences Limited,ASTEC.NS
143,Aster DM Healthcare Limited,ASTERDM.NS
144,Astral Limited,ASTRAL.NS
145,Astra Microwave Products Limited,ASTRAMICRO.NS
146,AstraZeneca Pharma India Limited,ASTRAZEN.NS
147,Astron Paper & Board Mill Limited,ASTRON.NS
148,Agro Tech Foods Limited,ATFL.NS
149,Adani Total Gas Limited,ATGL.NS
150,Atlanta  Limited,ATLANTA.NS
151,Atul Limited,ATUL.NS
152,Atul Auto Limited,ATULAUTO.NS
153,AU Small Finance Bank Limited,AUBANK.NS
154,Aurionpro Solutions Limited,AURIONPRO.NS
155,Aurobindo Pharma Limited,AUROPHARMA.NS
156,Aurum PropTech Limited,AURUM.NS
157,Ausom Enterprise Limited,AUSOMENT.NS
158,Automotive Axles Limited,AUTOAXLES.NS
159,Autoline Industries Limited,AUTOIND.NS
160,Avadh Sugar & Energy Limited,AVADHSUGAR.NS
161,Avanti Feeds Limited,AVANTIFEED.NS
162,AVT Natural Products Limited,AVTNPL.NS
163,Antony Waste Handling Cell Limited,AWHCL.NS
164,Axis Bank Limited,AXISBANK.NS
165,AXISCADES Technologies Limited,AXISCADES.NS
166,AYM Syntex Limited,AYMSYNTEX.NS
167,Bafna Pharmaceuticals Limited,BAFNAPH.NS
168,B.A.G Films and Media Limited,BAGFILMS.NS
169,Bajaj Auto Limited,BAJAJ-AUTO.NS
170,Bajaj Consumer Care Limited,BAJAJCON.NS
171,Bajaj Electricals Limited,BAJAJELEC.NS
172,Bajaj Finserv Limited,BAJAJFINSV.NS
173,Bajaj Healthcare Limited,BAJAJHCARE.NS
174,Bajaj Hindusthan Sugar Limited,BAJAJHIND.NS
175,Bajaj Holdings & Investment Limited,BAJAJHLDNG.NS
176,Bajaj Finance Limited,BAJFINANCE.NS
177,Balaji Telefilms Limited,BALAJITELE.NS
178,Balaji Amines Limited,BALAMINES.NS
179,BALAXI PHARMACEUTICALS LIMITED,BALAXI.NS
180,Balkrishna Paper Mills Limited,BALKRISHNA.NS
181,Balkrishna Industries Limited,BALKRISIND.NS
182,Balmer Lawrie & Company Limited,BALMLAWRIE.NS
183,Bal Pharma Limited,BALPHARMA.NS
184,Balrampur Chini Mills Limited,BALRAMCHIN.NS
185,Banaras Beads Limited,BANARBEADS.NS
186,Bannari Amman Sugars Limited,BANARISUG.NS
187,Banco Products (I) Limited,BANCOINDIA.NS
188,Bandhan Bank Limited,BANDHANBNK.NS
189,Bang Overseas Limited,BANG.NS
190,Banka BioLoo Limited,BANKA.NS
191,Bank of Baroda,BANKBARODA.NS
192,Bank of India,BANKINDIA.NS
193,Banswara Syntex Limited,BANSWRAS.NS
194,Barbeque Nation Hospitality Limited,BARBEQUE.NS
195,Bartronics India Limited,BARTRONICS.NS
196,BASF India Limited,BASF.NS
197,Bannari Amman Spinning Mills Limited,BASML.NS
198,Bata India Limited,BATAINDIA.NS
199,Bayer Cropscience Limited,BAYERCROP.NS
200,Bharat Bijlee Limited,BBL.NS
201,Black Box Limited,BBOX.NS
202,Bombay Burmah Trading Corporation Limited,BBTC.NS
203,Brightcom Group Limited,BCG.NS
204,Bcl Industries Limited,BCLIND.NS
205,Brand Concepts Limited,BCONCEPTS.NS
206,B.C. Power Controls Ltd,BCP.NS
207,Bharat Dynamics Limited,BDL.NS
208,Beardsell Limited,BEARDSELL.NS
209,Mrs. Bectors Food Specialities Limited,BECTORFOOD.NS
210,Bedmutha Industries Limited,BEDMUTHA.NS
211,Bharat Electronics Limited,BEL.NS
212,BEML Limited,BEML.NS
213,Bhansali Engineering Polymers Limited,BEPL.NS
214,Berger Paints (I) Limited,BERGEPAINT.NS
215,Best Agrolife Limited,BESTAGRO.NS
216,BF Investment Limited,BFINVEST.NS
217,BF Utilities Limited,BFUTILITIE.NS
218,BGR Energy Systems Limited,BGRENERGY.NS
219,Bhagiradha Chemicals & Industries Limited,BHAGCHEM.NS
220,Bhageria Industries Limited,BHAGERIA.NS
221,Bhagyanagar India Limited,BHAGYANGR.NS
222,Bhagyanagar Properties Limited,BHAGYAPROP.NS
223,Bhandari Hosiery Exports Limited,BHANDARI.NS
224,Bharat Forge Limited,BHARATFORG.NS
225,Bharat Gears Limited,BHARATGEAR.NS
226,Bharat Rasayan Limited,BHARATRAS.NS
227,Bharat Wire Ropes Limited,BHARATWIRE.NS
228,Bharti Airtel Limited,BHARTIARTL.NS
229,Bharat Heavy Electricals Limited,BHEL.NS
230,Bigbloc Construction Limited,BIGBLOC.NS
231,Bhartiya International Limited,BIL.NS
232,Oswal Chemicals & Fertilizers Limited,BINDALAGRO.NS
233,Biocon Limited,BIOCON.NS
234,Biofil Chemicals & Pharmaceuticals Limited,BIOFILCHEM.NS
235,Birla Cable Limited,BIRLACABLE.NS
236,Birla Corporation Limited,BIRLACORPN.NS
237,Aditya Birla Money Limited,BIRLAMONEY.NS
238,Birla Tyres Limited,BIRLATYRE.NS
239,Bkm Industries Limited,BKMINDST.NS
240,BLB Limited,BLBLIMITED.NS
241,Bliss GVS Pharma Limited,BLISSGVS.NS
242,B. L. Kashyap and Sons Limited,BLKASHYAP.NS
243,BLS International Services Limited,BLS.NS
244,Blue Dart Express Limited,BLUEDART.NS
245,Blue Star Limited,BLUESTARCO.NS
246,Bodal Chemicals Limited,BODALCHEM.NS
247,Bombay Dyeing & Mfg Company Limited,BOMDYEING.NS
248,Borosil Limited,BOROLTD.NS
249,BOROSIL RENEWABLES LIMITED,BORORENEW.NS
250,Bosch Limited,BOSCHLTD.NS
251,Bharat Petroleum Corporation Limited,BPCL.NS
252,BPL Limited,BPL.NS
253,Bombay Rayon Fashions Limited,BRFL.NS
254,Brigade Enterprises Limited,BRIGADE.NS
255,Britannia Industries Limited,BRITANNIA.NS
256,Bharat Road Network Limited,BRNL.NS
257,Brooks Laboratories Limited,BROOKS.NS
258,BSE Limited,BSE.NS
259,Bombay Super Hybrid Seeds Limited,BSHSL.NS
260,BSL Limited,BSL.NS
261,BIRLASOFT LIMITED,BSOFT.NS
262,Burger King India Limited,BURGERKING.NS
263,Burnpur Cement Limited,BURNPUR.NS
264,Butterfly Gandhimathi Appliances Limited,BUTTERFLY.NS
265,Barak Valley Cements Limited,BVCL.NS
266,The Byke Hospitality Ltd,BYKE.NS
267,Cadila Healthcare Limited,CADILAHC.NS
268,California Software Company Limited,CALSOFT.NS
269,Camlin Fine Sciences Limited,CAMLINFINE.NS
270,Computer Age Management Services Limited,CAMS.NS
271,Canara Bank,CANBK.NS
272,C & C Constructions Limited,CANDC.NS
273,Can Fin Homes Limited,CANFINHOME.NS
274,Cantabil Retail India Limited,CANTABIL.NS
275,Capacit'e Infraprojects Limited,CAPACITE.NS
276,Caplin Point Laboratories Limited,CAPLIPOINT.NS
277,Capital Trust Limited,CAPTRUST.NS
278,Carborundum Universal Limited,CARBORUNIV.NS
279,Career Point Limited,CAREERP.NS
280,CARE Ratings Limited,CARERATING.NS
281,Cartrade Tech Limited,CARTRADE.NS
282,Castrol India Limited,CASTROLIND.NS
283,Country Club Hospitality & Holidays Limited,CCHHL.NS
284,CCL Products (India) Limited,CCL.NS
285,Central Depository Services (India) Limited,CDSL.NS
286,CEAT Limited,CEATLTD.NS
287,Commercial Engineers & Body Builders Co Limited,CEBBCO.NS
288,Celebrity Fashions Limited,CELEBRITY.NS
289,Century Enka Limited,CENTENKA.NS
290,Century Extrusions Limited,CENTEXT.NS
291,Central Bank of India,CENTRALBK.NS
292,Centrum Capital Limited,CENTRUM.NS
293,Centum Electronics Limited,CENTUM.NS
294,Century Plyboards (India) Limited,CENTURYPLY.NS
295,Century Textiles & Industries Limited,CENTURYTEX.NS
296,Cera Sanitaryware Limited,CERA.NS
297,Cerebra Integrated Technologies Limited,CEREBRAINT.NS
298,CESC Limited,CESC.NS
299,Capri Global Capital Limited,CGCL.NS
300,CG Power and Industrial Solutions Limited,CGPOWER.NS
301,Chalet Hotels Limited,CHALET.NS
302,Chambal Fertilizers & Chemicals Limited,CHAMBLFERT.NS
303,Chembond Chemicals Ltd,CHEMBOND.NS
304,Chemcon Speciality Chemicals Limited,CHEMCON.NS
305,Chemfab Alkalis Limited,CHEMFAB.NS
306,Chemplast Sanmar Limited,CHEMPLASTS.NS
307,Chennai Petroleum Corporation Limited,CHENNPETRO.NS
308,Cholamandalam Investment and Finance Company Limited,CHOLAFIN.NS
309,Cholamandalam Financial Holdings Limited,CHOLAHLDNG.NS
310,Cigniti Technologies Limited,CIGNITITEC.NS
311,Cineline India Limited,CINELINE.NS
312,Cinevista Limited,CINEVISTA.NS
313,Cipla Limited,CIPLA.NS
314,Clean Science and Technology Limited,CLEAN.NS
315,CL Educate Limited,CLEDUCATE.NS
316,Clariant Chemicals (India) Limited,CLNINDIA.NS
317,Chaman Lal Setia Exports Limited,CLSEL.NS
318,CMI Limited,CMICABLES.NS
319,CMS Info Systems Limited,CMSINFO.NS
320,Coal India Limited,COALINDIA.NS
321,Coastal Corporation Limited,COASTCORP.NS
322,Cochin Shipyard Limited,COCHINSHIP.NS
323,Coffee Day Enterprises Limited,COFFEEDAY.NS
324,Coforge Limited,COFORGE.NS
325,Colgate Palmolive (India) Limited,COLPAL.NS
326,Compuage Infocom Limited,COMPINFO.NS
327,Compucom Software Limited,COMPUSOFT.NS
328,Container Corporation of India Limited,CONCOR.NS
329,Confidence Petroleum India Limited,CONFIPET.NS
330,Consolidated Finvest & Holdings Limited,CONSOFINVT.NS
331,Control Print Limited,CONTROLPR.NS
332,Coral India Finance & Housing Limited,CORALFINAC.NS
333,Cords Cable Industries Limited,CORDSCABLE.NS
334,Coromandel International Limited,COROMANDEL.NS
335,Cosmo Films Limited,COSMOFILMS.NS
336,Country Condo's Limited,COUNCODOS.NS
337,Cox & Kings Limited,COX&KINGS.NS
338,Craftsman Automation Limited,CRAFTSMAN.NS
339,Creative Newtech Limited,CREATIVE.NS
340,Creative Eye Limited,CREATIVEYE.NS
341,CREDITACCESS GRAMEEN LIMITED,CREDITACC.NS
342,Crest Ventures Limited,CREST.NS
343,CRISIL Limited,CRISIL.NS
344,Crompton Greaves Consumer Electricals Limited,CROMPTON.NS
345,CSB Bank Limited,CSBBANK.NS
346,Cambridge Technology Enterprises Limited,CTE.NS
347,City Union Bank Limited,CUB.NS
348,Cubex Tubings Limited,CUBEXTUB.NS
349,Cummins India Limited,CUMMINSIND.NS
350,Cupid Limited,CUPID.NS
351,Cyber Media (India) Limited,CYBERMEDIA.NS
352,Cybertech Systems And Software Limited,CYBERTECH.NS
353,Cyient Limited,CYIENT.NS
354,LT Foods Limited,DAAWAT.NS
355,Dabur India Limited,DABUR.NS
356,Dalmia Bharat Limited,DALBHARAT.NS
357,Dalmia Bharat Sugar and Industries Limited,DALMIASUG.NS
358,Damodar Industries Limited,DAMODARIND.NS
359,Dangee Dums Limited,DANGEE.NS
360,Datamatics Global Services Limited,DATAMATICS.NS
361,Data Patterns (India) Limited,DATAPATTNS.NS
362,D.B.Corp Limited,DBCORP.NS
363,Dilip Buildcon Limited,DBL.NS
364,D B Realty Limited,DBREALTY.NS
365,DB (International) Stock Brokers Limited,DBSTOCKBRO.NS
366,Dishman Carbogen Amcis Limited,DCAL.NS
367,DCB Bank Limited,DCBBANK.NS
368,DCM  Limited,DCM.NS
369,DCM Nouvelle Limited,DCMNVL.NS
370,DCM Shriram Limited,DCMSHRIRAM.NS
371,DCM Shriram Industries Limited,DCMSRIND.NS
372,DCW Limited,DCW.NS
373,Deccan Cements Limited,DECCANCE.NS
374,Deepak Fertilizers and Petrochemicals Corporation Limited,DEEPAKFERT.NS
375,Deepak Nitrite Limited,DEEPAKNTR.NS
376,DEEP ENERGY RESOURCES LIMITED,DEEPENR.NS
377,Deep Industries Limited,DEEPINDS.NS
378,DELPHI WORLD MONEY LIMITED,DELPHIFX.NS
379,Delta Corp Limited,DELTACORP.NS
380,Delta Manufacturing Limited,DELTAMAGNT.NS
381,Den Networks Limited,DEN.NS
382,De Nora India Limited,DENORA.NS
383,Devyani International Limited,DEVYANI.NS
384,DFM Foods Limited,DFMFOODS.NS
385,Digicontent Limited,DGCONTENT.NS
386,Dhampur Sugar Mills Limited,DHAMPURSUG.NS
387,Dhanlaxmi Bank Limited,DHANBANK.NS
388,Dhani Services Limited,DHANI.NS
389,Dhanuka Agritech Limited,DHANUKA.NS
390,The Dharamsi Morarji Chemical Company Limited,DHARAMSI.NS
391,Dharani Sugars & Chemicals Limited,DHARSUGAR.NS
392,Dhruv Consultancy Services Limited,DHRUV.NS
393,Dhunseri Investments Limited,DHUNINV.NS
394,Prataap Snacks Limited,DIAMONDYD.NS
395,DIC India Limited,DICIND.NS
396,DiGiSPICE Technologies Limited,DIGISPICE.NS
397,Digjam Limited,DIGJAMLMTD.NS
398,Dish TV India Limited,DISHTV.NS
399,Divi's Laboratories Limited,DIVISLAB.NS
400,Dixon Technologies (India) Limited,DIXON.NS
401,DLF Limited,DLF.NS
402,D-Link (India) Limited,DLINKINDIA.NS
403,Avenue Supermarts Limited,DMART.NS
404,Diligent Media Corporation Limited,DNAMEDIA.NS
405,Dodla Dairy Limited,DODLA.NS
406,Dolat Algotech Limited,DOLATALGO.NS
407,Dollar Industries Limited,DOLLAR.NS
408,Donear Industries Limited,DONEAR.NS
409,D. P. Abhushan Limited,DPABHUSHAN.NS
410,DPSC Limited,DPSCLTD.NS
411,D P Wires Limited,DPWIRES.NS
412,Dredging Corporation of India Limited,DREDGECORP.NS
413,Dr. Reddy's Laboratories Limited,DRREDDY.NS
414,Dynacons Systems & Solutions Limited,DSSL.NS
415,Dhunseri Tea & Industries Limited,DTIL.NS
416,Ducon Infratechnologies Limited,DUCON.NS
417,Dhunseri Ventures Limited,DVL.NS
418,Dwarikesh Sugar Industries Limited,DWARKESH.NS
419,Dynamatic Technologies Limited,DYNAMATECH.NS
420,Dynemic Products Limited,DYNPRO.NS
421,Easy Trip Planners Limited,EASEMYTRIP.NS
422,Eastern Silk Industries Limited,EASTSILK.NS
423,eClerx Services Limited,ECLERX.NS
424,Edelweiss Financial Services Limited,EDELWEISS.NS
425,Educomp Solutions Limited,EDUCOMP.NS
426,Eicher Motors Limited,EICHERMOT.NS
427,EID Parry India Limited,EIDPARRY.NS
428,Euro India Fresh Foods Limited,EIFFL.NS
429,EIH Associated Hotels Limited,EIHAHOTELS.NS
430,EIH Limited,EIHOTEL.NS
431,Eimco Elecon (India) Limited,EIMCOELECO.NS
432,Everest Kanto Cylinder Limited,EKC.NS
433,Elecon Engineering Company Limited,ELECON.NS
434,Electrosteel Castings Limited,ELECTCAST.NS
435,Electrotherm (India) Limited,ELECTHERM.NS
436,Elgi Equipments Limited,ELGIEQUIP.NS
437,Elgi Rubber Company Limited,ELGIRUBCO.NS
438,Emami Limited,EMAMILTD.NS
439,Emami Paper Mills Limited,EMAMIPAP.NS
440,Emami Realty Limited,EMAMIREAL.NS
441,Emkay Global Financial Services Limited,EMKAY.NS
442,Emmbi Industries Limited,EMMBI.NS
443,Endurance Technologies Limited,ENDURANCE.NS
444,Energy Development Company Limited,ENERGYDEV.NS
445,Engineers India Limited,ENGINERSIN.NS
446,Entertainment Network (India) Limited,ENIL.NS
447,EPL Limited,EPL.NS
448,Equippp Social Impact Technologies Limited,EQUIPPP.NS
449,Equitas Holdings Limited,EQUITAS.NS
450,Equitas Small Finance Bank Limited,EQUITASBNK.NS
451,Eris Lifesciences Limited,ERIS.NS
452,Eros International Media Limited,EROSMEDIA.NS
453,Esab India Limited,ESABINDIA.NS
454,Escorts Limited,ESCORTS.NS
455,Essar Shipping Limited,ESSARSHPNG.NS
456,Ester Industries Limited,ESTER.NS
457,Eurotex Industries and Exports Limited,EUROTEXIND.NS
458,Eveready Industries India Limited,EVEREADY.NS
459,Everest Industries Limited,EVERESTIND.NS
460,Excel Realty N Infra Limited,EXCEL.NS
461,Excel Industries Limited,EXCELINDUS.NS
462,Exide Industries Limited,EXIDEIND.NS
463,Expleo Solutions Limited,EXPLEOSOL.NS
464,Exxaro Tiles Limited,EXXARO.NS
465,Fertilizers and Chemicals Travancore Limited,FACT.NS
466,Fairchem Organics Limited,FAIRCHEMOR.NS
467,Fineotex Chemical Limited,FCL.NS
468,Future Consumer Limited,FCONSUMER.NS
469,FCS Software Solutions Limited,FCSSOFT.NS
470,FDC Limited,FDC.NS
471,The Federal Bank  Limited,FEDERALBNK.NS
472,Future Enterprises Limited,FEL.NS
473,Future Enterprises Limited,FELDVR.NS
474,Fiem Industries Limited,FIEMIND.NS
475,Filatex India Limited,FILATEX.NS
476,Finolex Cables Limited,FINCABLES.NS
477,Fine Organic Industries Limited,FINEORG.NS
478,Fino Payments Bank Limited,FINOPB.NS
479,Finolex Industries Limited,FINPIPE.NS
480,Flexituff Ventures International Limited,FLEXITUFF.NS
481,Future Lifestyle Fashions Limited,FLFL.NS
482,Gujarat Fluorochemicals Limited,FLUOROCHEM.NS
483,Federal-Mogul Goetze (India) Limited.,FMGOETZE.NS
484,Future Market Networks Limited,FMNL.NS
485,Focus Lighting and Fixtures Limited,FOCUS.NS
486,Foods & Inns Limited,FOODSIN.NS
487,FORCE MOTORS LTD,FORCEMOT.NS
488,Fortis Healthcare Limited,FORTIS.NS
489,Foseco India Limited,FOSECOIND.NS
490,Future Retail Limited,FRETAIL.NS
491,Future Supply Chain Solutions Limited,FSC.NS
492,Firstsource Solutions Limited,FSL.NS
493,Gabriel India Limited,GABRIEL.NS
494,Gujarat Ambuja Exports Limited,GAEL.NS
495,GAIL (India) Limited,GAIL.NS
496,Gyscoal Alloys Limited,GAL.NS
497,Galaxy Surfactants Limited,GALAXYSURF.NS
498,Gallantt Metal Limited,GALLANTT.NS
499,Gallantt Ispat Limited,GALLISPAT.NS
500,Gandhi Special Tubes Limited,GANDHITUBE.NS
501,Ganesha Ecosphere Limited,GANECOS.NS
502,Ganesh Benzoplast Limited,GANESHBE.NS
503,Ganesh Housing Corporation Limited,GANESHHOUC.NS
504,Ganga Forging Limited,GANGAFORGE.NS
505,Ganges Securities Limited,GANGESSECU.NS
506,Garware Technical Fibres Limited,GARFIBRES.NS
507,GATI Limited,GATI.NS
508,Gayatri Projects Limited,GAYAPROJ.NS
509,GeeCee Ventures Limited,GEECEE.NS
510,Geekay Wires Limited,GEEKAYWIRE.NS
511,Generic Engineering Construction and Projects Limited,GENCON.NS
512,Genesys International Corporation Limited,GENESYS.NS
513,Genus Paper & Boards Limited,GENUSPAPER.NS
514,Genus Power Infrastructures Limited,GENUSPOWER.NS
515,Geojit Financial Services Limited,GEOJITFSL.NS
516,GE Power India Limited,GEPIL.NS
517,The Great Eastern Shipping Company Limited,GESHIP.NS
518,GE T&D India Limited,GET&D.NS
519,GFL Limited,GFLLIMITED.NS
520,Grand Foundry Limited,GFSTEELS.NS
521,GHCL Limited,GHCL.NS
522,GIC Housing Finance Limited,GICHSGFIN.NS
523,General Insurance Corporation of India,GICRE.NS
524,Gillanders Arbuthnot & Company Limited,GILLANDERS.NS
525,Gillette India Limited,GILLETTE.NS
526,Ginni Filaments Limited,GINNIFILA.NS
527,Gujarat Industries Power Company Limited,GIPCL.NS
528,GKW Limited,GKWLIMITED.NS
529,Gland Pharma Limited,GLAND.NS
530,GlaxoSmithKline Pharmaceuticals Limited,GLAXO.NS
531,Glenmark Pharmaceuticals Limited,GLENMARK.NS
532,Global Education Limited,GLOBAL.NS
533,Global Vectra Helicorp Limited,GLOBALVECT.NS
534,Globe Textiles (India) Limited,GLOBE.NS
535,Globus Spirits Limited,GLOBUSSPR.NS
536,Glenmark Life Sciences Limited,GLS.NS
537,GM Breweries Limited,GMBREW.NS
538,Gujarat Mineral Development Corporation Limited,GMDCLTD.NS
539,GMM Pfaudler Limited,GMMPFAUDLR.NS
540,GMR Infrastructure Limited,GMRINFRA.NS
541,GNA Axles Limited,GNA.NS
542,Gujarat Narmada Valley Fertilizers and Chemicals Limited,GNFC.NS
543,Goa Carbon Limited,GOACARBON.NS
544,GOCL Corporation Limited,GOCLCORP.NS
545,Go Fashion (India) Limited,GOCOLORS.NS
546,Godfrey Phillips India Limited,GODFRYPHLP.NS
547,Godha Cabcon & Insulation Limited,GODHA.NS
548,Godrej Agrovet Limited,GODREJAGRO.NS
549,Godrej Consumer Products Limited,GODREJCP.NS
550,Godrej Industries Limited,GODREJIND.NS
551,Godrej Properties Limited,GODREJPROP.NS
552,Goenka Diamond and Jewels Limited,GOENKA.NS
553,Gokaldas Exports Limited,GOKEX.NS
554,Gokul Refoils and Solvent Limited,GOKUL.NS
555,Gokul Agro Resources Limited,GOKULAGRO.NS
556,Golden Tobacco Limited,GOLDENTOBC.NS
557,Goldiam International Limited,GOLDIAM.NS
558,Goldstone Technologies Limited,GOLDTECH.NS
559,Goodluck India Limited,GOODLUCK.NS
560,Goodyear India Limited,GOODYEAR.NS
561,Godawari Power And Ispat limited,GPIL.NS
562,Gujarat Pipavav Port Limited,GPPL.NS
563,GPT Infraprojects Limited,GPTINFRA.NS
564,Granules India Limited,GRANULES.NS
565,Graphite India Limited,GRAPHITE.NS
566,Grasim Industries Limited,GRASIM.NS
567,Grauer & Weil (India) Limited,GRAUWEIL.NS
568,Gravita India Limited,GRAVITA.NS
569,Greaves Cotton Limited,GREAVESCOT.NS
570,Greenlam Industries Limited,GREENLAM.NS
571,Greenpanel Industries Limited,GREENPANEL.NS
572,Greenply Industries Limited,GREENPLY.NS
573,Orient Green Power Company Limited,GREENPOWER.NS
574,Grindwell Norton Limited,GRINDWELL.NS
575,G R Infraprojects Limited,GRINFRA.NS
576,The Grob Tea Company Limited,GROBTEA.NS
577,GRP Limited,GRPLTD.NS
578,Garden Reach Shipbuilders & Engineers Limited,GRSE.NS
579,Gujarat Sidhee Cement Limited,GSCLCEMENT.NS
580,Gujarat State Fertilizers & Chemicals Limited,GSFC.NS
581,Gujarat State Petronet Limited,GSPL.NS
582,GSS Infotech Limited,GSS.NS
583,GTL Limited,GTL.NS
584,GTL Infrastructure Limited,GTLINFRA.NS
585,GTPL Hathway Limited,GTPL.NS
586,Gufic Biosciences Limited,GUFICBIO.NS
587,Gujarat Alkalies and Chemicals Limited,GUJALKALI.NS
588,Gujarat Apollo Industries Limited,GUJAPOLLO.NS
589,Gujarat Gas Limited,GUJGASLTD.NS
590,Gujarat Raffia Industries Limited,GUJRAFFIA.NS
591,Gulf Oil Lubricants India Limited,GULFOILLUB.NS
592,GP Petroleums Limited,GULFPETRO.NS
593,Gulshan Polyols Limited,GULPOLY.NS
594,Hindustan Aeronautics Limited,HAL.NS
595,Happiest Minds Technologies Limited,HAPPSTMNDS.NS
596,Harrisons  Malayalam Limited,HARRMALAYA.NS
597,Hathway Cable & Datacom Limited,HATHWAY.NS
598,Hatsun Agro Product Limited,HATSUN.NS
599,Havells India Limited,HAVELLS.NS
600,Sri Havisha Hospitality and Infrastructure Limited,HAVISHA.NS
601,HBL Power Systems Limited,HBLPOWER.NS
602,HB Stockholdings Limited,HBSL.NS
603,Hindustan Construction Company Limited,HCC.NS
604,Healthcare Global Enterprises Limited,HCG.NS
605,HCL Infosystems Limited,HCL-INSYS.NS
606,HCL Technologies Limited,HCLTECH.NS
607,Housing Development Finance Corporation Limited,HDFC.NS
608,HDFC Asset Management Company Limited,HDFCAMC.NS
609,HDFC Bank Limited,HDFCBANK.NS
610,HDFC Life Insurance Company Limited,HDFCLIFE.NS
611,Housing Development and Infrastructure Limited,HDIL.NS
612,HEC Infra Projects Limited,HECPROJECT.NS
613,HEG Limited,HEG.NS
614,HeidelbergCement India Limited,HEIDELBERG.NS
615,Hemisphere Properties India Limited,HEMIPROP.NS
616,Heranba Industries Limited,HERANBA.NS
617,Hercules Hoists Limited,HERCULES.NS
618,Heritage Foods Limited,HERITGFOOD.NS
619,Hero MotoCorp Limited,HEROMOTOCO.NS
620,Hester Biosciences Limited,HESTERBIO.NS
621,Hexa Tradex Limited,HEXATRADEX.NS
622,HFCL Limited,HFCL.NS
623,H.G. Infra Engineering Limited,HGINFRA.NS
624,Hinduja Global Solutions Limited,HGS.NS
625,Hikal Limited,HIKAL.NS
626,HIL Limited,HIL.NS
627,Hilton Metal Forging Limited,HILTON.NS
628,Himatsingka Seide Limited,HIMATSEIDE.NS
629,Hindalco Industries Limited,HINDALCO.NS
630,Hindustan Composites Limited,HINDCOMPOS.NS
631,Hindcon Chemicals Limited,HINDCON.NS
632,Hindustan Copper Limited,HINDCOPPER.NS
633,Hindustan Motors Limited,HINDMOTORS.NS
634,Hindusthan National Glass & Industries Limited,HINDNATGLS.NS
635,Hindustan Oil Exploration Company Limited,HINDOILEXP.NS
636,Hindustan Petroleum Corporation Limited,HINDPETRO.NS
637,Hindustan Unilever Limited,HINDUNILVR.NS
638,Hindustan Zinc Limited,HINDZINC.NS
639,Hind Rectifiers Limited,HIRECT.NS
640,Hisar Metal Industries Limited,HISARMETAL.NS
641,Hi-Tech Pipes Limited,HITECH.NS
642,Hitech Corporation Limited,HITECHCORP.NS
643,The Hi-Tech Gears Limited,HITECHGEAR.NS
644,HLE Glascoat Limited,HLEGLAS.NS
645,HLV LIMITED,HLVLTD.NS
646,HMT Limited,HMT.NS
647,Hindustan Media Ventures Limited,HMVL.NS
648,Hindustan Foods Limited,HNDFDS.NS
649,Home First Finance Company India Limited,HOMEFIRST.NS
650,Honeywell Automation India Limited,HONAUT.NS
651,Honda India Power Products Limited,HONDAPOWER.NS
652,HOV Services Limited,HOVS.NS
653,HP Adhesives Limited,HPAL.NS
654,HPL Electric & Power Limited,HPL.NS
655,Himadri Speciality Chemical Limited,HSCL.NS
656,HSIL Limited,HSIL.NS
657,HT Media Limited,HTMEDIA.NS
658,Hubtown Limited,HUBTOWN.NS
659,Housing & Urban Development Corporation Limited,HUDCO.NS
660,Huhtamaki India Limited,HUHTAMAKI.NS
661,Indiabulls Real Estate Limited,IBREALEST.NS
662,Indiabulls Housing Finance Limited,IBULHSGFIN.NS
663,ICDS Limited,ICDSLTD.NS
664,Ice Make Refrigeration Limited,ICEMAKE.NS
665,ICICI Bank Limited,ICICIBANK.NS
666,ICICI Lombard General Insurance Company Limited,ICICIGI.NS
667,ICICI Prudential Life Insurance Company Limited,ICICIPRULI.NS
668,Indo Count Industries Limited,ICIL.NS
669,ICRA Limited,ICRA.NS
670,IDBI Bank Limited,IDBI.NS
671,Vodafone Idea Limited,IDEA.NS
672,IDFC Limited,IDFC.NS
673,IDFC First Bank Limited,IDFCFIRSTB.NS
674,Indian Energy Exchange Limited,IEX.NS
675,IFB Agro Industries Limited,IFBAGRO.NS
676,IFB Industries Limited,IFBIND.NS
677,IFCI Limited,IFCI.NS
678,IFGL Refractories Limited,IFGLEXPOR.NS
679,Igarashi Motors India Limited,IGARASHI.NS
680,Indraprastha Gas Limited,IGL.NS
681,IG Petrochemicals Limited,IGPL.NS
682,IIFL Finance Limited,IIFL.NS
683,IIFL Securities Limited,IIFLSEC.NS
684,Iifl Wealth Management Limited,IIFLWAM.NS
685,Industrial Investment Trust Limited,IITL.NS
686,IL&FS Engineering and Construction Company Limited,IL&FSENGG.NS
687,IL&FS Transportation Networks Limited,IL&FSTRANS.NS
688,Imagicaaworld Entertainment Limited,IMAGICAA.NS
689,Indian Metals & Ferro Alloys Limited,IMFA.NS
690,India Motor Parts and Accessories Limited,IMPAL.NS
691,INCREDIBLE INDUSTRIES LIMITED,INCREDIBLE.NS
692,Indbank Merchant Banking Services Limited,INDBANK.NS
693,The Indian Hotels Company Limited,INDHOTEL.NS
694,The India Cements Limited,INDIACEM.NS
695,India Glycols Limited,INDIAGLYCO.NS
696,Indiamart Intermesh Limited,INDIAMART.NS
697,Indian Bank,INDIANB.NS
698,Indian Card Clothing Company Limited,INDIANCARD.NS
699,Indian Hume Pipe Company Limited,INDIANHUME.NS
700,InterGlobe Aviation Limited,INDIGO.NS
701,Indigo Paints Limited,INDIGOPNTS.NS
702,IMP Powers Limited,INDLMETER.NS
703,India Nippon Electricals Limited,INDNIPPON.NS
704,Indoco Remedies Limited,INDOCO.NS
705,Indo Rama Synthetics (India) Limited,INDORAMA.NS
706,IndoStar Capital Finance Limited,INDOSTAR.NS
707,Indo Tech Transformers Limited,INDOTECH.NS
708,Indo Thai Securities Limited,INDOTHAI.NS
709,Indowind Energy Limited,INDOWIND.NS
710,Indraprastha Medical Corporation Limited,INDRAMEDCO.NS
711,Ind-Swift Laboratories Limited,INDSWFTLAB.NS
712,Ind-Swift Limited,INDSWFTLTD.NS
713,Indian Terrain Fashions Limited,INDTERRAIN.NS
714,IndusInd Bank Limited,INDUSINDBK.NS
715,Indus Towers Limited,INDUSTOWER.NS
716,INEOS Styrolution India Limited,INEOSSTYRO.NS
717,Infibeam Avenues Limited,INFIBEAM.NS
718,InfoBeans Technologies Limited,INFOBEAN.NS
719,Infosys Limited,INFY.NS
720,Ingersoll Rand (India) Limited,INGERRAND.NS
721,INOX Leisure Limited,INOXLEISUR.NS
722,Inox Wind Limited,INOXWIND.NS
723,Insecticides (India) Limited,INSECTICID.NS
724,Intellect Design Arena Limited,INTELLECT.NS
725,Intense Technologies Limited,INTENTECH.NS
726,International Conveyors Limited,INTLCONV.NS
727,Inventure Growth & Securities Limited,INVENTURE.NS
728,Indian Overseas Bank,IOB.NS
729,Indian Oil Corporation Limited,IOC.NS
730,IOL Chemicals and Pharmaceuticals Limited,IOLCP.NS
731,IPCA Laboratories Limited,IPCALAB.NS
732,India Pesticides Limited,IPL.NS
733,IRB Infrastructure Developers Limited,IRB.NS
734,Ircon International Limited,IRCON.NS
735,Indian Railway Catering And Tourism Corporation Limited,IRCTC.NS
736,Indian Railway Finance Corporation Limited,IRFC.NS
737,Iris Business Services Limited,IRIS.NS
738,Iris Clothings Limited,IRISDOREME.NS
739,ICICI Securities Limited,ISEC.NS
740,Intrasoft Technologies Limited,ISFT.NS
741,Isgec Heavy Engineering Limited,ISGEC.NS
742,ISMT Limited,ISMTLTD.NS
743,ITC Limited,ITC.NS
744,India Tourism Development Corporation Limited,ITDC.NS
745,ITD Cementation India Limited,ITDCEM.NS
746,ITI Limited,ITI.NS
747,IL&FS Investment Managers Limited,IVC.NS
748,IVP Limited,IVP.NS
749,Inox Wind Energy Limited,IWEL.NS
750,IZMO Limited,IZMO.NS
751,The Jammu & Kashmir Bank Limited,J&KBANK.NS
752,Jagran Prakashan Limited,JAGRAN.NS
753,Jagsonpal Pharmaceuticals Limited,JAGSNPHARM.NS
754,Jai Balaji Industries Limited,JAIBALAJI.NS
755,Jai Corp Limited,JAICORPLTD.NS
756,Jain Studios Limited,JAINSTUDIO.NS
757,Nandani Creation Limited,JAIPURKURT.NS
758,Jamna Auto Industries Limited,JAMNAAUTO.NS
759,Jash Engineering Limited,JASH.NS
760,Jayant Agro Organics Limited,JAYAGROGN.NS
761,Jay Bharat Maruti Limited,JAYBARMARU.NS
762,Jayaswal Neco Industries Limited,JAYNECOIND.NS
763,Jayshree Tea & Industries Limited,JAYSREETEA.NS
764,JB Chemicals & Pharmaceuticals Limited,JBCHEPHARM.NS
765,JBF Industries Limited,JBFIND.NS
766,JBM Auto Limited,JBMA.NS
767,Johnson Controls - Hitachi Air Conditioning India Limited,JCHAC.NS
768,Jet Airways (India) Limited,JETAIRWAYS.NS
769,Jet Freight Logistics Limited,JETFREIGHT.NS
770,JHS Svendgaard Laboratories Limited,JHS.NS
771,Jindal Photo Limited,JINDALPHOT.NS
772,Jindal Poly Films Limited,JINDALPOLY.NS
773,Jindal Saw Limited,JINDALSAW.NS
774,Jindal Steel & Power Limited,JINDALSTEL.NS
775,Jindal Drilling And Industries Limited,JINDRILL.NS
776,Jindal Worldwide Limited,JINDWORLD.NS
777,Jain Irrigation Systems Limited,JISLDVREQS.NS
778,Jain Irrigation Systems Limited,JISLJALEQS.NS
779,JITF Infralogistics Limited,JITFINFRA.NS
780,JK Cement Limited,JKCEMENT.NS
781,J.Kumar Infraprojects Limited,JKIL.NS
782,JK Lakshmi Cement Limited,JKLAKSHMI.NS
783,JK Paper Limited,JKPAPER.NS
784,JK Tyre & Industries Limited,JKTYRE.NS
785,Jullundur Motor Agency (Delhi) Limited,JMA.NS
786,JMC Projects (India)  Limited,JMCPROJECT.NS
787,JM Financial Limited,JMFINANCIL.NS
788,Jocil Limited,JOCIL.NS
789,Jaiprakash Associates Limited,JPASSOCIAT.NS
790,Jaypee Infratech Limited,JPINFRATEC.NS
791,Jindal Poly Investment and Finance Company Limited,JPOLYINVST.NS
792,Jaiprakash Power Ventures Limited,JPPOWER.NS
793,Jindal Stainless Limited,JSL.NS
794,Jindal Stainless (Hisar) Limited,JSLHISAR.NS
795,JSW Energy Limited,JSWENERGY.NS
796,JSW Holdings Limited,JSWHL.NS
797,JSW Ispat Special Products Limited,JSWISPL.NS
798,JSW Steel Limited,JSWSTEEL.NS
799,Jtekt India Limited,JTEKTINDIA.NS
800,JTL Infra Limited,JTLINFRA.NS
801,Jubilant Foodworks Limited,JUBLFOOD.NS
802,Jubilant Industries Limited,JUBLINDS.NS
803,Jubilant Ingrevia Limited,JUBLINGREA.NS
804,Jubilant Pharmova Limited,JUBLPHARMA.NS
805,Just Dial Limited,JUSTDIAL.NS
806,Jyothy Labs Limited,JYOTHYLAB.NS
807,Jyoti Structures Limited,JYOTISTRUC.NS
808,Kabra Extrusion Technik Limited,KABRAEXTRU.NS
809,Kajaria Ceramics Limited,KAJARIACER.NS
810,Kakatiya Cement Sugar & Industries Limited,KAKATCEM.NS
811,Kalpataru Power Transmission Limited,KALPATPOWR.NS
812,Kalyani Commercials Limited,KALYANI.NS
813,Kalyani Forge Limited,KALYANIFRG.NS
814,Kalyan Jewellers India Limited,KALYANKJIL.NS
815,Kamat Hotels (I) Limited,KAMATHOTEL.NS
816,Kamdhenu Limited,KAMDHENU.NS
817,Kanani Industries Limited,KANANIIND.NS
818,Kanoria Chemicals & Industries Limited,KANORICHEM.NS
819,Kanpur Plastipack Limited,KANPRPLA.NS
820,Kansai Nerolac Paints Limited,KANSAINER.NS
821,Kapston Facilities Management Limited,KAPSTON.NS
822,Karma Energy Limited,KARMAENG.NS
823,Karur Vysya Bank Limited,KARURVYSYA.NS
824,Kaushalya Infrastructure Development Corporation Limited,KAUSHALYA.NS
825,Kavveri Telecom Products Limited,KAVVERITEL.NS
826,Kaya Limited,KAYA.NS
827,KBC Global Limited,KBCGLOBAL.NS
828,KCP Limited,KCP.NS
829,KCP Sugar and Industries Corporation Limited,KCPSUGIND.NS
830,KDDL Limited,KDDL.NS
831,KEC International Limited,KEC.NS
832,Kirloskar Electric Company Limited,KECL.NS
833,Keerti Knowledge and Skills Limited,KEERTI.NS
834,KEI Industries Limited,KEI.NS
835,Kellton Tech Solutions Limited,KELLTONTEC.NS
836,Kennametal India Limited,KENNAMET.NS
837,Kernex Microsystems (India) Limited,KERNEX.NS
838,Kesoram Industries Limited,KESORAMIND.NS
839,Keynote Financial Services Limited,KEYFINSERV.NS
840,Khadim India Limited,KHADIM.NS
841,Khaitan Chemicals & Fertilizers Limited,KHAICHEM.NS
842,Khaitan (India) Limited,KHAITANLTD.NS
843,Khandwala Securities Limited,KHANDSE.NS
844,Kalyani Investment Company Limited,KICL.NS
845,Kilitch Drugs (India) Limited,KILITCH.NS
846,Krishna Institute of Medical Sciences Limited,KIMS.NS
847,Kingfa Science & Technology (India) Limited,KINGFA.NS
848,KIOCL Limited,KIOCL.NS
849,Kiri Industries Limited,KIRIINDUS.NS
850,Kirloskar Ferrous Industries Ltd,KIRLFER.NS
851,Kirloskar Brothers Limited,KIRLOSBROS.NS
852,Kirloskar Oil Engines Limited,KIRLOSENG.NS
853,Kirloskar Industries Limited,KIRLOSIND.NS
854,Kitex Garments Limited,KITEX.NS
855,Kewal Kiran Clothing Limited,KKCL.NS
856,K.M.Sugar Mills Limited,KMSUGAR.NS
857,KNR Constructions Limited,KNRCON.NS
858,Kokuyo Camlin Limited,KOKUYOCMLN.NS
859,Kolte - Patil Developers Limited,KOLTEPATIL.NS
860,Kopran Limited,KOPRAN.NS
861,Kotak Mahindra Bank Limited,KOTAKBANK.NS
862,Kothari Sugars And Chemicals Limited,KOTARISUG.NS
863,Kothari Petrochemicals Limited,KOTHARIPET.NS
864,Kothari Products Limited,KOTHARIPRO.NS
865,Kovai Medical Center and Hospital Limited,KOVAI.NS
866,K.P.I. Global Infrastructure Limited,KPIGLOBAL.NS
867,KPIT Technologies Limited,KPITTECH.NS
868,K.P.R. Mill Limited,KPRMILL.NS
869,KRBL Limited,KRBL.NS
870,Krebs Biochemicals and Industries Limited,KREBSBIO.NS
871,Kridhan Infra Limited,KRIDHANINF.NS
872,Krishana Phoschem Limited,KRISHANA.NS
873,Kriti Industries (India) Limited,KRITI.NS
874,Krsnaa Diagnostics Limited,KRSNAA.NS
875,Ksb Limited,KSB.NS
876,Kaveri Seed Company Limited,KSCL.NS
877,Kalyani Steels Limited,KSL.NS
878,The Karnataka Bank Limited,KTKBANK.NS
879,Kuantum Papers Limited,KUANTUM.NS
880,L&T Finance Holdings Limited,L&TFH.NS
881,Lagnam Spintex Limited,LAGNAM.NS
882,Lakshmi Precision Screws Limited,LAKPRE.NS
883,Dr. Lal Path Labs Ltd.,LALPATHLAB.NS
884,Lambodhara Textiles Limited,LAMBODHARA.NS
885,La Opala RG Limited,LAOPALA.NS
886,Lasa Supergenerics Limited,LASA.NS
887,Latent View Analytics Limited,LATENTVIEW.NS
888,Laurus Labs Limited,LAURUSLABS.NS
889,Laxmi Cotspin Limited,LAXMICOT.NS
890,Lakshmi Machine Works Limited,LAXMIMACH.NS
891,LCC Infotech Limited,LCCINFOTEC.NS
892,Lemon Tree Hotels Limited,LEMONTREE.NS
893,Lakshmi Finance & Industrial Corporation Limited,LFIC.NS
894,LG Balakrishnan & Bros Limited,LGBBROSLTD.NS
895,LGB Forge Limited,LGBFORGE.NS
896,Libas Consumer Products Limited,LIBAS.NS
897,Liberty Shoes Limited,LIBERTSHOE.NS
898,LIC Housing Finance Limited,LICHSGFIN.NS
899,Likhitha Infrastructure Limited,LIKHITHA.NS
900,Linc Limited,LINC.NS
901,Lincoln Pharmaceuticals Limited,LINCOLN.NS
902,Linde India Limited,LINDEINDIA.NS
903,Macrotech Developers Limited,LODHA.NS
904,Lokesh Machines Limited,LOKESHMACH.NS
905,Lotus Eye Hospital and Institute Limited,LOTUSEYE.NS
906,Lovable Lingerie Limited,LOVABLE.NS
907,Landmark Property Development Company Limited,LPDC.NS
908,Lloyds Steels Industries Limited,LSIL.NS
909,Larsen & Toubro Limited,LT.NS
910,Larsen & Toubro Infotech Limited,LTI.NS
911,L&T Technology Services Limited,LTTS.NS
912,Lumax Industries Limited,LUMAXIND.NS
913,Lumax Auto Technologies Limited,LUMAXTECH.NS
914,Lupin Limited,LUPIN.NS
915,Lux Industries Limited,LUXIND.NS
916,Laxmi Organic Industries Limited,LXCHEM.NS
917,Lyka Labs Limited,LYKALABS.NS
918,Lypsa Gems & Jewellery Limited,LYPSAGEMS.NS
919,Mahindra & Mahindra Limited,M&M.NS
920,Mahindra & Mahindra Financial Services Limited,M&MFIN.NS
921,Maan Aluminium Limited,MAANALU.NS
922,Macpower CNC Machines Limited,MACPOWER.NS
923,Madhav Marbles and Granites Limited,MADHAV.NS
924,Madhucon Projects Limited,MADHUCON.NS
925,Madras Fertilizers Limited,MADRASFERT.NS
926,Magadh Sugar & Energy Limited,MAGADSUGAR.NS
927,Magnum Ventures Limited,MAGNUM.NS
928,Bank of Maharashtra,MAHABANK.NS
929,Maha Rashtra Apex Corporation Limited,MAHAPEXLTD.NS
930,Mahamaya Steel Industries Limited,MAHASTEEL.NS
931,Mahindra EPC Irrigation Limited,MAHEPC.NS
932,Maheshwari Logistics Limited,MAHESHWARI.NS
933,Mahindra CIE Automotive Limited,MAHINDCIE.NS
934,Mahindra Lifespace Developers Limited,MAHLIFE.NS
935,Mahindra Logistics Limited,MAHLOG.NS
936,Maharashtra Scooters Limited,MAHSCOOTER.NS
937,Maharashtra Seamless Limited,MAHSEAMLES.NS
938,Maithan Alloys Limited,MAITHANALL.NS
939,Malu Paper Mills Limited,MALUPAPER.NS
940,Manaksia Aluminium Company Limited,MANAKALUCO.NS
941,Manaksia Coated Metals & Industries Limited,MANAKCOAT.NS
942,Manaksia Limited,MANAKSIA.NS
943,Manaksia Steels Limited,MANAKSTEEL.NS
944,Manali Petrochemicals Limited,MANALIPETC.NS
945,Manappuram Finance Limited,MANAPPURAM.NS
946,Mangalam Drugs And Organics Limited,MANGALAM.NS
947,Mangalore Chemicals & Fertilizers Limited,MANGCHEFER.NS
948,Mangalam Cement Limited,MANGLMCEM.NS
949,Man Industries (India) Limited,MANINDS.NS
950,Man Infraconstruction Limited,MANINFRA.NS
951,Mangalam Organics Limited,MANORG.NS
952,Manugraph India Limited,MANUGRAPH.NS
953,C.E. Info Systems Limited,MAPMYINDIA.NS
954,Maral Overseas Limited,MARALOVER.NS
955,Marathon Nextgen Realty Limited,MARATHON.NS
956,Marico Limited,MARICO.NS
957,Marine Electricals (India) Limited,MARINE.NS
958,Marksans Pharma Limited,MARKSANS.NS
959,Marshall Machines Limited,MARSHALL.NS
960,Maruti Suzuki India Limited,MARUTI.NS
961,MAS Financial Services Limited,MASFIN.NS
962,Mask Investments Limited,MASKINVEST.NS
963,Mastek Limited,MASTEK.NS
964,Matrimony.Com Limited,MATRIMONY.NS
965,Mawana Sugars Limited,MAWANASUG.NS
966,Max Healthcare Institute Limited,MAXHEALTH.NS
967,Max India Limited,MAXIND.NS
968,Max Ventures and Industries Limited,MAXVIL.NS
969,Mayur Uniquoters Ltd,MAYURUNIQ.NS
970,Mazda Limited,MAZDA.NS
971,Mazagon Dock Shipbuilders Limited,MAZDOCK.NS
972,Madhya Bharat Agro Products Limited,MBAPL.NS
973,Mcnally Bharat Engineering Company Limited,MBECL.NS
974,MBL Infrastructures Limited,MBLINFRA.NS
975,McDowell Holdings Limited,MCDHOLDING.NS
976,United Spirits Limited,MCDOWELL-N.NS
977,Madhav Copper Limited,MCL.NS
978,Mcleod Russel India Limited,MCLEODRUSS.NS
979,Multi Commodity Exchange of India Limited,MCX.NS
980,Medicamen Biotech Limited,MEDICAMEQ.NS
981,Medplus Health Services Limited,MEDPLUS.NS
982,Megasoft Limited,MEGASOFT.NS
983,Menon Bearings Limited,MENONBE.NS
984,MEP Infrastructure Developers Limited,MEP.NS
985,Mercator Limited,MERCATOR.NS
986,Metalyst Forgings Limited,METALFORGE.NS
987,Metro Brands Limited,METROBRAND.NS
988,Metropolis Healthcare Limited,METROPOLIS.NS
989,Meghmani Finechem Limited,MFL.NS
990,Max Financial Services Limited,MFSL.NS
991,Mangalam Global Enterprise Limited,MGEL.NS
992,Mahanagar Gas Limited,MGL.NS
993,Mahindra Holidays & Resorts India Limited,MHRIL.NS
994,MIC Electronics Limited,MICEL.NS
995,Mishra Dhatu Nigam Limited,MIDHANI.NS
996,Minda Corporation Limited,MINDACORP.NS
997,Minda Industries Limited,MINDAIND.NS
998,Mindteck (India) Limited,MINDTECK.NS
999,MindTree Limited,MINDTREE.NS
1000,MIRC Electronics Limited,MIRCELECTR.NS
1001,Mirza International Limited,MIRZAINT.NS
1002,Mittal Life Style Limited,MITTAL.NS
1003,MM Forgings Limited,MMFL.NS
1004,MMP Industries Limited,MMP.NS
1005,MMTC Limited,MMTC.NS
1006,Modi Rubber Limited,MODIRUBBER.NS
1007,Modison Metals Limited,MODISNME.NS
1008,Mohit Industries Limited,MOHITIND.NS
1009,MOIL Limited,MOIL.NS
1010,Moksh Ornaments Limited,MOKSH.NS
1011,Meghmani Organics Limited,MOL.NS
1012,Mold-Tek Technologies Limited,MOLDTECH.NS
1013,Mold-Tek Packaging Limited,MOLDTKPAC.NS
1014,Monarch Networth Capital Limited,MONARCH.NS
1015,Monte Carlo Fashions Limited,MONTECARLO.NS
1016,Morarjee Textiles Limited,MORARJEE.NS
1017,Morepen Laboratories Limited,MOREPENLAB.NS
1018,Motherson Sumi Systems Limited,MOTHERSUMI.NS
1019,Motilal Oswal Financial Services Limited,MOTILALOFS.NS
1020,The Motor & General Finance Limited,MOTOGENFIN.NS
1021,MphasiS Limited,MPHASIS.NS
1022,MPS Limited,MPSLTD.NS
1023,MRF Limited,MRF.NS
1024,MRO-TEK Realty Limited,MRO-TEK.NS
1025,Mangalore Refinery and Petrochemicals Limited,MRPL.NS
1026,MSP Steel & Power Limited,MSPL.NS
1027,Mstc Limited,MSTCLTD.NS
1028,Mtar Technologies Limited,MTARTECH.NS
1029,MT Educare Limited,MTEDUCARE.NS
1030,Mahanagar Telephone Nigam Limited,MTNL.NS
1031,Mukand Limited,MUKANDLTD.NS
1032,Mukta Arts Limited,MUKTAARTS.NS
1033,Munjal Auto Industries Limited,MUNJALAU.NS
1034,Munjal Showa Limited,MUNJALSHOW.NS
1035,Murudeshwar Ceramics Limited,MURUDCERA.NS
1036,Muthoot Capital Services Limited,MUTHOOTCAP.NS
1037,Muthoot Finance Limited,MUTHOOTFIN.NS
1038,NACL Industries Limited,NACLIND.NS
1039,Nagarjuna Fertilizers and Chemicals Limited,NAGAFERT.NS
1040,Nagreeka Capital & Infrastructure Limited,NAGREEKCAP.NS
1041,Nagreeka Exports Limited,NAGREEKEXP.NS
1042,Nahar Capital and Financial Services Limited,NAHARCAP.NS
1043,Nahar Industrial Enterprises Limited,NAHARINDUS.NS
1044,Nahar Poly Films Limited,NAHARPOLY.NS
1045,Nahar Spinning Mills Limited,NAHARSPING.NS
1046,Nippon Life India Asset Management Limited,NAM-INDIA.NS
1047,Natco Pharma Limited,NATCOPHARM.NS
1048,Nath Bio-Genes (India) Limited,NATHBIOGEN.NS
1049,National Aluminium Company Limited,NATIONALUM.NS
1050,Info Edge (India) Limited,NAUKRI.NS
1051,Navin Fluorine International Limited,NAVINFLUOR.NS
1052,Navkar Corporation Limited,NAVKARCORP.NS
1053,Navneet Education Limited,NAVNETEDUL.NS
1054,Nazara Technologies Limited,NAZARA.NS
1055,NBCC (India) Limited,NBCC.NS
1056,N. B. I. Industrial Finance Company Limited,NBIFIN.NS
1057,Nava Bharat Ventures Limited,NBVENTURES.NS
1058,NCC Limited,NCC.NS
1059,NCL Industries Limited,NCLIND.NS
1060,Naga Dhunseri Group Limited,NDGL.NS
1061,Nandan Denim Limited,NDL.NS
1062,Ndr Auto Components Limited,NDRAUTO.NS
1063,New Delhi Television Limited,NDTV.NS
1064,North Eastern Carrying Corporation Limited,NECCLTD.NS
1065,Nectar Lifesciences Limited,NECLIFE.NS
1066,Nelcast Limited,NELCAST.NS
1067,NELCO Limited,NELCO.NS
1068,Neogen Chemicals Limited,NEOGEN.NS
1069,Nesco Limited,NESCO.NS
1070,Nestle India Limited,NESTLEIND.NS
1071,Network18 Media & Investments Limited,NETWORK18.NS
1072,Neuland Laboratories Limited,NEULANDLAB.NS
1073,Newgen Software Technologies Limited,NEWGEN.NS
1074,National Fertilizers Limited,NFL.NS
1075,Nakoda Group of Industries Limited,NGIL.NS
1076,Narayana Hrudayalaya Ltd.,NH.NS
1077,NHPC Limited,NHPC.NS
1078,The New India Assurance Company Limited,NIACL.NS
1079,NRB Industrial Bearings Limited,NIBL.NS
1080,NIIT Limited,NIITLTD.NS
1081,Nila Infrastructures Limited,NILAINFRA.NS
1082,Nila Spaces Limited,NILASPACES.NS
1083,Nilkamal Limited,NILKAMAL.NS
1084,Indo-National Limited,NIPPOBATRY.NS
1085,Niraj Cement Structurals Limited,NIRAJ.NS
1086,Niraj Ispat Industries Limited,NIRAJISPAT.NS
1087,Nitco Limited,NITCO.NS
1088,Nitin Fire Protection Industries Limited,NITINFIRE.NS
1089,Nitin Spinners Limited,NITINSPIN.NS
1090,Nitiraj Engineers Limited,NITIRAJ.NS
1091,NK Industries Limited,NKIND.NS
1092,NLC India Limited,NLCINDIA.NS
1093,NMDC Limited,NMDC.NS
1094,NOCIL Limited,NOCIL.NS
1095,Noida Toll Bridge Company Limited,NOIDATOLL.NS
1096,Norben Tea & Exports Limited,NORBTEAEXP.NS
1097,Novartis India Limited,NOVARTIND.NS
1098,N R Agarwal Industries Limited,NRAIL.NS
1099,NRB Bearing Limited,NRBBEARING.NS
1100,Nalwa Sons Investments Limited,NSIL.NS
1101,NTPC Limited,NTPC.NS
1102,Nucleus Software Exports Limited,NUCLEUS.NS
1103,Nureca Limited,NURECA.NS
1104,Nuvoco Vistas Corporation Limited,NUVOCO.NS
1105,NXTDIGITAL LIMITED,NXTDIGITAL.NS
1106,FSN E-Commerce Ventures Limited,NYKAA.NS
1107,Oriental Aromatics Limited,OAL.NS
1108,Oberoi Realty Limited,OBEROIRLTY.NS
1109,Oriental Carbon & Chemicals Limited,OCCL.NS
1110,Oracle Financial Services Software Limited,OFSS.NS
1111,Oil India Limited,OIL.NS
1112,Oil Country Tubular Limited,OILCOUNTUB.NS
1113,Olectra Greentech Limited,OLECTRA.NS
1114,Omax Autos Limited,OMAXAUTO.NS
1115,Omaxe Limited,OMAXE.NS
1116,OM INFRA LIMITED,OMINFRAL.NS
1117,Omkar Speciality Chemicals Limited,OMKARCHEM.NS
1118,Onelife Capital Advisors Limited,ONELIFECAP.NS
1119,One Point One Solutions Limited,ONEPOINT.NS
1120,Oil & Natural Gas Corporation Limited,ONGC.NS
1121,OnMobile Global Limited,ONMOBILE.NS
1122,Onward Technologies Limited,ONWARDTEC.NS
1123,Optiemus Infracom Limited,OPTIEMUS.NS
1124,Orbit Exports Limited,ORBTEXP.NS
1125,Orchid Pharma Limited,ORCHPHARMA.NS
1126,Oricon Enterprises Limited,ORICONENT.NS
1127,Orient Abrasives Limited,ORIENTABRA.NS
1128,Oriental Trimex Limited,ORIENTALTL.NS
1129,Orient Bell Limited,ORIENTBELL.NS
1130,Orient Cement Limited,ORIENTCEM.NS
1131,Orient Electric Limited,ORIENTELEC.NS
1132,Oriental Hotels Limited,ORIENTHOT.NS
1133,Orient Press Limited,ORIENTLTD.NS
1134,Orient Paper & Industries Limited,ORIENTPPR.NS
1135,The Orissa Minerals Development Company Limited,ORISSAMINE.NS
1136,Ortin Laboratories Limited,ORTINLAB.NS
1137,Oswal Agro Mills Limited,OSWALAGRO.NS
1138,Page Industries Limited,PAGEIND.NS
1139,Paisalo Digital Limited,PAISALO.NS
1140,Palash Securities Limited,PALASHSECU.NS
1141,Palred Technologies Limited,PALREDTEC.NS
1142,Panacea Biotec Limited,PANACEABIO.NS
1143,Panache Digilife Limited,PANACHE.NS
1144,Panama Petrochem Limited,PANAMAPET.NS
1145,Pansari Developers Limited,PANSARI.NS
1146,Par Drugs And Chemicals Limited,PAR.NS
1147,Paramount Communications Limited,PARACABLES.NS
1148,Parag Milk Foods Limited,PARAGMILK.NS
1149,Paras Defence and Space Technologies Limited,PARAS.NS
1150,Parsvnath Developers Limited,PARSVNATH.NS
1151,Pasupati Acrylon Limited,PASUPTAC.NS
1152,Patel Engineering Limited,PATELENG.NS
1153,Patel Integrated Logistics Limited,PATINTLOG.NS
1154,One 97 Communications Limited,PAYTM.NS
1155,PBA Infrastructure Limited,PBAINFRA.NS
1156,PCBL LIMITED,PCBL.NS
1157,PC Jeweller Limited,PCJEWELLER.NS
1158,Pudumjee Paper Products Limited,PDMJEPAPER.NS
1159,PDS Multinational Fashions Limited,PDSMFL.NS
1160,Pearl Polymers Limited,PEARLPOLY.NS
1161,Piramal Enterprises Limited,PEL.NS
1162,Pennar Industries Limited,PENIND.NS
1163,Peninsula Land Limited,PENINLAND.NS
1164,Persistent Systems Limited,PERSISTENT.NS
1165,Petronet LNG Limited,PETRONET.NS
1166,Power Finance Corporation Limited,PFC.NS
1167,Pfizer Limited,PFIZER.NS
1168,Prime Focus Limited,PFOCUS.NS
1169,PTC India Financial Services Limited,PFS.NS
1170,PG Electroplast Limited,PGEL.NS
1171,Procter & Gamble Hygiene and Health Care Limited,PGHH.NS
1172,Procter & Gamble Health Limited,PGHL.NS
1173,Pearl Global Industries Limited,PGIL.NS
1174,The Phoenix Mills Limited,PHOENIXLTD.NS
1175,Pidilite Industries Limited,PIDILITIND.NS
1176,PI Industries Limited,PIIND.NS
1177,Pilani Investment and Industries Corporation Limited,PILANIINVS.NS
1178,PIL ITALICA LIFESTYLE LIMITED,PILITA.NS
1179,Pioneer Distilleries Limited,PIONDIST.NS
1180,Pioneer Embroideries Limited,PIONEEREMB.NS
1181,Pitti Engineering Limited,PITTIENG.NS
1182,The Peria Karamalai Tea & Produce Company Limited,PKTEA.NS
1183,Plastiblends India Limited,PLASTIBLEN.NS
1184,Punjab National Bank,PNB.NS
1185,PNB Gilts Limited,PNBGILTS.NS
1186,PNB Housing Finance Limited,PNBHOUSING.NS
1187,Pritish Nandy Communications Limited,PNC.NS
1188,PNC Infratech Limited,PNCINFRA.NS
1189,Poddar Housing and Development Limited,PODDARHOUS.NS
1190,Poddar Pigments Limited,PODDARMENT.NS
1191,Pokarna Limited,POKARNA.NS
1192,PB Fintech Limited,POLICYBZR.NS
1193,Polycab India Limited,POLYCAB.NS
1194,Poly Medicure Limited,POLYMED.NS
1195,Polyplex Corporation Limited,POLYPLEX.NS
1196,Ponni Sugars (Erode) Limited,PONNIERODE.NS
1197,Poonawalla Fincorp Limited,POONAWALLA.NS
1198,Power Grid Corporation of India Limited,POWERGRID.NS
1199,Hitachi Energy India Limited,POWERINDIA.NS
1200,Power Mech Projects Limited,POWERMECH.NS
1201,PPAP Automotive Limited,PPAP.NS
1202,Prakash Pipes Limited,PPL.NS
1203,Prajay Engineers Syndicate Limited,PRAENG.NS
1204,Praj Industries Limited,PRAJIND.NS
1205,Prakash Industries Limited,PRAKASH.NS
1206,Prakash Steelage Limited,PRAKASHSTL.NS
1207,Praxis Home Retail Limited,PRAXIS.NS
1208,Precision Camshafts Limited,PRECAM.NS
1209,Precot Limited,PRECOT.NS
1210,Precision Wires India Limited,PRECWIRE.NS
1211,Premier Explosives Limited,PREMEXPLN.NS
1212,Premier Limited,PREMIER.NS
1213,Premier Polyfilm Limited,PREMIERPOL.NS
1214,Pressman Advertising Limited,PRESSMN.NS
1215,Prestige Estates Projects Limited,PRESTIGE.NS
1216,Pricol Limited,PRICOLLTD.NS
1217,Prime Securities Limited,PRIMESECU.NS
1218,Prince Pipes And Fittings Limited,PRINCEPIPE.NS
1219,Pritika Auto Industries Limited,PRITIKAUTO.NS
1220,Privi Speciality Chemicals Limited,PRIVISCL.NS
1221,Prozone Intu Properties Limited,PROZONINTU.NS
1222,Prism Johnson Limited,PRSMJOHNSN.NS
1223,Punjab & Sind Bank,PSB.NS
1224,PSP Projects Limited,PSPPROJECT.NS
1225,PTC India Limited,PTC.NS
1226,PTL Enterprises Limited,PTL.NS
1227,Punjab Chemicals & Crop Protection Limited,PUNJABCHEM.NS
1228,Punj Lloyd Limited,PUNJLLOYD.NS
1229,Puravankara Limited,PURVA.NS
1230,PVP Ventures Limited,PVP.NS
1231,PVR Limited,PVR.NS
1232,Quess Corp Limited,QUESS.NS
1233,Quick Heal Technologies Limited,QUICKHEAL.NS
1234,Radaan Mediaworks India Limited,RADAAN.NS
1235,Radico Khaitan Limited,RADICO.NS
1236,Music Broadcast Limited,RADIOCITY.NS
1237,Railtel Corporation Of India Limited,RAILTEL.NS
1238,Rain Industries Limited,RAIN.NS
1239,Rajesh Exports Limited,RAJESHEXPO.NS
1240,Rajnandini Metal Limited,RAJMET.NS
1241,Rajratan Global Wire Limited,RAJRATAN.NS
1242,Rajshree Sugars & Chemicals Limited,RAJSREESUG.NS
1243,Raj Television Network Limited,RAJTV.NS
1244,Rallis India Limited,RALLIS.NS
1245,Shree Rama Newsprint Limited,RAMANEWS.NS
1246,Rama Steel Tubes Limited,RAMASTEEL.NS
1247,The Ramco Cements Limited,RAMCOCEM.NS
1248,Ramco Industries Limited,RAMCOIND.NS
1249,Ramco Systems Limited,RAMCOSYS.NS
1250,Ramky Infrastructure Limited,RAMKY.NS
1251,Rana Sugars Limited,RANASUG.NS
1252,Rane Engine Valve Limited,RANEENGINE.NS
1253,Rane Holdings Limited,RANEHOLDIN.NS
1254,Rategain Travel Technologies Limited,RATEGAIN.NS
1255,Ratnamani Metals & Tubes Limited,RATNAMANI.NS
1256,Raymond Limited,RAYMOND.NS
1257,Rane Brake Lining Limited,RBL.NS
1258,RBL Bank Limited,RBLBANK.NS
1259,Rashtriya Chemicals and Fertilizers Limited,RCF.NS
1260,Reliance Communications Limited,RCOM.NS
1261,REC Limited,RECLTD.NS
1262,Redington (India) Limited,REDINGTON.NS
1263,Refex Industries Limited,REFEX.NS
1264,Relaxo Footwears Limited,RELAXO.NS
1265,Reliance Capital Limited,RELCAPITAL.NS
1266,Reliance Industries Limited,RELIANCE.NS
1267,Religare Enterprises Limited,RELIGARE.NS
1268,Reliance Infrastructure Limited,RELINFRA.NS
1269,Remsons Industries Limited,REMSONSIND.NS
1270,Shree Renuka Sugars Limited,RENUKA.NS
1271,Repco Home Finance Limited,REPCOHOME.NS
1272,Rudrabhishek Enterprises Limited,REPL.NS
1273,Repro India Limited,REPRO.NS
1274,Responsive Industries Limited,RESPONIND.NS
1275,Revathi Equipment Limited,REVATHI.NS
1276,Renaissance Global Limited,RGL.NS
1277,Reliance Home Finance Limited,RHFL.NS
1278,RHI MAGNESITA INDIA LIMITED,RHIM.NS
1279,Rico Auto Industries Limited,RICOAUTO.NS
1280,Reliance Industrial Infrastructure Limited,RIIL.NS
1281,RITES Limited,RITES.NS
1282,RKEC Projects Limited,RKEC.NS
1283,Ramkrishna Forgings Limited,RKFORGE.NS
1284,Radha Madhav Corporation Limited,RMCL.NS
1285,Rane (Madras) Limited,RML.NS
1286,Reliance Naval and Engineering Limited,RNAVAL.NS
1287,Rohit Ferro-Tech Limited,ROHITFERRO.NS
1288,Royal Orchid Hotels Limited,ROHLTD.NS
1289,Rolex Rings Limited,ROLEXRINGS.NS
1290,Rollatainers Limited,ROLLT.NS
1291,Rolta India Limited,ROLTA.NS
1292,Raj Oil Mills Limited,ROML.NS
1293,Rossari Biotech Limited,ROSSARI.NS
1294,Rossell India Limited,ROSSELLIND.NS
1295,ROUTE MOBILE LIMITED,ROUTE.NS
1296,RPG Life Sciences Limited,RPGLIFE.NS
1297,Reliance Power Limited,RPOWER.NS
1298,R.P.P. Infra Projects Limited,RPPINFRA.NS
1299,Rajshree Polypack Limited,RPPL.NS
1300,RPSG VENTURES LIMITED,RPSGVENT.NS
1301,R. S. Software (India) Limited,RSSOFTWARE.NS
1302,RSWM Limited,RSWM.NS
1303,R Systems International Limited,RSYSTEMS.NS
1304,RattanIndia Enterprises Limited,RTNINDIA.NS
1305,RattanIndia Power Limited,RTNPOWER.NS
1306,The Ruby Mills Limited,RUBYMILLS.NS
1307,Ruchi Soya Industries Limited,RUCHI.NS
1308,Ruchi Infrastructure Limited,RUCHINFRA.NS
1309,Ruchira Papers Limited,RUCHIRA.NS
1310,Rupa & Company Limited,RUPA.NS
1311,Rushil Decor Limited,RUSHIL.NS
1312,Ravinder Heights Limited,RVHL.NS
1313,Rail Vikas Nigam Limited,RVNL.NS
1314,S&S Power Switchgears Limited,S&SPOWER.NS
1315,Sadbhav Engineering Limited,SADBHAV.NS
1316,Sadbhav Infrastructure Project Limited,SADBHIN.NS
1317,Safari Industries (India) Limited,SAFARI.NS
1318,Sagardeep Alloys Limited,SAGARDEEP.NS
1319,Sagar Cements Limited,SAGCEM.NS
1320,Steel Authority of India Limited,SAIL.NS
1321,Sakar Healthcare Limited,SAKAR.NS
1322,Sakthi Sugars Limited,SAKHTISUG.NS
1323,Saksoft Limited,SAKSOFT.NS
1324,Sakuma Exports Limited,SAKUMA.NS
1325,Salasar Techno Engineering Limited,SALASAR.NS
1326,Salona Cotspin Limited,SALONA.NS
1327,S.A.L. Steel Limited,SALSTEEL.NS
1328,Salzer Electronics Limited,SALZERELEC.NS
1329,Sambhaav Media Limited,SAMBHAAV.NS
1330,Sanco Industries Limited,SANCO.NS
1331,The Sandesh Limited,SANDESH.NS
1332,Sandhar Technologies Limited,SANDHAR.NS
1333,Sangam (India) Limited,SANGAMIND.NS
1334,Sanghi Industries Limited,SANGHIIND.NS
1335,Sanghvi Movers Limited,SANGHVIMOV.NS
1336,Sanginita Chemicals Limited,SANGINITA.NS
1337,Sanofi India Limited,SANOFI.NS
1338,Sansera Engineering Limited,SANSERA.NS
1339,Sanwaria Consumer Limited,SANWARIA.NS
1340,Sapphire Foods India Limited,SAPPHIRE.NS
1341,Sarda Energy & Minerals Limited,SARDAEN.NS
1342,Saregama India Limited,SAREGAMA.NS
1343,Sarla Performance Fibers Limited,SARLAPOLY.NS
1344,Sasken Technologies Limited,SASKEN.NS
1345,Sastasundar Ventures Limited,SASTASUNDR.NS
1346,Satia Industries Limited,SATIA.NS
1347,Satin Creditcare Network Limited,SATIN.NS
1348,SBC Exports Limited,SBC.NS
1349,Shivalik Bimetal Controls Limited,SBCL.NS
1350,SBI Cards and Payment Services Limited,SBICARD.NS
1351,SBI Life Insurance Company Limited,SBILIFE.NS
1352,State Bank of India,SBIN.NS
1353,Stampede Capital Limited,SCAPDVR.NS
1354,Schaeffler India Limited,SCHAEFFLER.NS
1355,S Chand And Company Limited,SCHAND.NS
1356,Schneider Electric Infrastructure Limited,SCHNEIDER.NS
1357,Shipping Corporation Of India Limited,SCI.NS
1358,Som Distilleries & Breweries Limited,SDBL.NS
1359,Som Distill & Brew Ltd-RE,SDBL-RE.NS
1360,Seamec Limited,SEAMECLTD.NS
1361,SECUREKLOUD TECHNOLOGIES LIMITED,SECURKLOUD.NS
1362,Sejal Glass Limited,SEJALLTD.NS
1363,Selan Exploration Technology Limited,SELAN.NS
1364,SEL Manufacturing Company Limited,SELMC.NS
1365,S.E. Power Limited,SEPOWER.NS
1366,Sequent Scientific Limited,SEQUENT.NS
1367,Servotech Power Systems Limited,SERVOTECH.NS
1368,Seshasayee Paper and Boards Limited,SESHAPAPER.NS
1369,Setco Automotive Limited,SETCO.NS
1370,Setubandhan Infrastructure Limited,SETUINFRA.NS
1371,Seya Industries Limited,SEYAIND.NS
1372,Sheela Foam Limited,SFL.NS
1373,Synergy Green Industries Limited,SGIL.NS
1374,STL Global Limited,SGL.NS
1375,Shah Alloys Limited,SHAHALLOYS.NS
1376,Shakti Pumps (India) Limited,SHAKTIPUMP.NS
1377,Shalby Limited,SHALBY.NS
1378,Shalimar Paints Limited,SHALPAINTS.NS
1379,Shankara Building Products Limited,SHANKARA.NS
1380,Shanti Overseas (India) Limited,SHANTI.NS
1381,Shanthi Gears Limited,SHANTIGEAR.NS
1382,Sharda Cropchem Limited,SHARDACROP.NS
1383,Sharda Motor Industries Limited,SHARDAMOTR.NS
1384,Share India Securities Limited,SHAREINDIA.NS
1385,Shemaroo Entertainment Limited,SHEMAROO.NS
1386,Somany Home Innovation Limited,SHIL.NS
1387,Shilpa Medicare Limited,SHILPAMED.NS
1388,Shivalik Rasayan Limited,SHIVALIK.NS
1389,Shivam Autotech Ltd-RE,SHIVAM-RE.NS
1390,Shivam Autotech Limited,SHIVAMAUTO.NS
1391,Shiva Mills Limited,SHIVAMILLS.NS
1392,Shiva Texyarn Limited,SHIVATEX.NS
1393,S H Kelkar and Company Limited,SHK.NS
1394,Shoppers Stop Limited,SHOPERSTOP.NS
1395,Shradha Infraprojects Limited,SHRADHA.NS
1396,Shree Digvijay Cement Co.Ltd,SHREDIGCEM.NS
1397,SHREE CEMENT LIMITED,SHREECEM.NS
1398,Shree Pushkar Chemicals & Fertilisers Limited,SHREEPUSHK.NS
1399,Shree Rama Multi-Tech Limited,SHREERAMA.NS
1400,Shrenik Limited,SHRENIK.NS
1401,Shreyans Industries Limited,SHREYANIND.NS
1402,Shreyas Shipping & Logistics Limited,SHREYAS.NS
1403,Shriram Pistons & Rings Limited,SHRIPISTON.NS
1404,Shriram City Union Finance Limited,SHRIRAMCIT.NS
1405,Shriram EPC Limited,SHRIRAMEPC.NS
1406,Shriram Properties Limited,SHRIRAMPPS.NS
1407,Shyam Century Ferrous Limited,SHYAMCENT.NS
1408,Shyam Metalics and Energy Limited,SHYAMMETL.NS
1409,Sical Logistics Limited,SICAL.NS
1410,Siemens Limited,SIEMENS.NS
1411,Sigachi Industries Limited,SIGACHI.NS
1412,Signet Industries Limited,SIGIND.NS
1413,Sikko Industries Limited,SIKKO.NS
1414,Standard Industries Limited,SIL.NS
1415,Silgo Retail Limited,SILGO.NS
1416,SIL Investments Limited,SILINV.NS
1417,Silly Monks Entertainment Limited,SILLYMONKS.NS
1418,Simbhaoli Sugars Limited,SIMBHALS.NS
1419,Simplex Infrastructures Limited,SIMPLEXINF.NS
1420,Sintercom India Limited,SINTERCOM.NS
1421,Sintex Industries Limited,SINTEX.NS
1422,Sirca Paints India Limited,SIRCA.NS
1423,SIS LIMITED,SIS.NS
1424,Siti Networks Limited,SITINET.NS
1425,Siyaram Silk Mills Limited,SIYSIL.NS
1426,S.J.S. Enterprises Limited,SJS.NS
1427,SJVN Limited,SJVN.NS
1428,SKF India Limited,SKFINDIA.NS
1429,Skipper Limited,SKIPPER.NS
1430,SKM Egg Products Export (India) Limited,SKMEGGPROD.NS
1431,Smartlink Holdings Limited,SMARTLINK.NS
1432,SMC Global Securities Limited,SMCGLOBAL.NS
1433,SML Isuzu Limited,SMLISUZU.NS
1434,Sarthak Metals Limited,SMLT.NS
1435,SMS Lifesciences India Limited,SMSLIFE.NS
1436,SMS Pharmaceuticals Limited,SMSPHARMA.NS
1437,Snowman Logistics Limited,SNOWMAN.NS
1438,Sobha Limited,SOBHA.NS
1439,Solara Active Pharma Sciences Limited,SOLARA.NS
1440,Solar Industries India Limited,SOLARINDS.NS
1441,Somany Ceramics Limited,SOMANYCERA.NS
1442,Soma Textiles & Industries Limited,SOMATEX.NS
1443,Somi Conveyor Beltings Limited,SOMICONVEY.NS
1444,Sona BLW Precision Forgings Limited,SONACOMS.NS
1445,Sonata Software Limited,SONATSOFTW.NS
1446,SORIL Infra Resources Limited,SORILINFRA.NS
1447,Savita Oil Technologies Limited,SOTL.NS
1448,The South Indian Bank Limited,SOUTHBANK.NS
1449,South West Pinnacle Exploration Limited,SOUTHWEST.NS
1450,S. P. Apparels Limited,SPAL.NS
1451,Spandana Sphoorty Financial Limited,SPANDANA.NS
1452,Sun Pharma Advanced Research Company Limited,SPARC.NS
1453,Speciality Restaurants Limited,SPECIALITY.NS
1454,Spencer's Retail Limited,SPENCERS.NS
1455,Spentex Industries Limited,SPENTEX.NS
1456,Southern Petrochemicals Industries Corporation  Limited,SPIC.NS
1457,SPICEJET LTD,SPICEJET.NS
1458,SPL Industries Limited,SPLIL.NS
1459,SPML Infra Limited,SPMLINFRA.NS
1460,Sintex Plastics Technology Limited,SPTL.NS
1461,Sreeleathers Limited,SREEL.NS
1462,SREI Infrastructure Finance Limited,SREINFRA.NS
1463,SRF Limited,SRF.NS
1464,Sree Rayalaseema Hi-Strength Hypo Limited,SRHHYPOLTD.NS
1465,Shree Ram Proteins Limited,SRPL.NS
1466,Shriram Transport Finance Company Limited,SRTRANSFIN.NS
1467,Steel Strips Wheels Limited,SSWL.NS
1468,Strides Pharma Science Limited,STAR.NS
1469,Star Cement Limited,STARCEMENT.NS
1470,Star Health and Allied Insurance Company Limited,STARHEALTH.NS
1471,Star Paper Mills Limited,STARPAPER.NS
1472,The State Trading Corporation of India Limited,STCINDIA.NS
1473,Steelcast Limited,STEELCAS.NS
1474,Steel City Securities Limited,STEELCITY.NS
1475,STEEL EXCHANGE INDIA LIMITED,STEELXIND.NS
1476,Stel Holdings Limited,STEL.NS
1477,Sterling Tools Limited,STERTOOLS.NS
1478,Sterlite Technologies Limited,STLTECH.NS
1479,Stove Kraft Limited,STOVEKRAFT.NS
1480,Stylam Industries Limited,STYLAMIND.NS
1481,International Constructions Limited,SUBCAPCITY.NS
1482,Subex Limited,SUBEXLTD.NS
1483,Subros Limited,SUBROS.NS
1484,Sudarshan Chemical Industries Limited,SUDARSCHEM.NS
1485,Sumeet Industries Limited,SUMEETINDS.NS
1486,Sumitomo Chemical India Limited,SUMICHEM.NS
1487,Sumit Woods Limited,SUMIT.NS
1488,Summit Securities Limited,SUMMITSEC.NS
1489,Sundaram Clayton Limited,SUNCLAYLTD.NS
1490,Sundaram Multi Pap Limited,SUNDARAM.NS
1491,Sundaram Finance Limited,SUNDARMFIN.NS
1492,Sundaram Finance Holdings Limited,SUNDARMHLD.NS
1493,Sundaram Brake Linings Limited,SUNDRMBRAK.NS
1494,Sundram Fasteners Limited,SUNDRMFAST.NS
1495,Sunflag Iron And Steel Company Limited,SUNFLAG.NS
1496,Sun Pharmaceutical Industries Limited,SUNPHARMA.NS
1497,Sunteck Realty Limited,SUNTECK.NS
1498,Sun TV Network Limited,SUNTV.NS
1499,Superhouse Limited,SUPERHOUSE.NS
1500,Super Spinning Mills Limited,SUPERSPIN.NS
1501,Supreme Petrochem Limited,SUPPETRO.NS
1502,Suprajit Engineering Limited,SUPRAJIT.NS
1503,Supreme Engineering Limited,SUPREMEENG.NS
1504,Supreme Industries Limited,SUPREMEIND.NS
1505,Supreme Infrastructure India Limited,SUPREMEINF.NS
1506,Supriya Lifescience Limited,SUPRIYA.NS
1507,Surana Solar Limited,SURANASOL.NS
1508,Surana Telecom and Power Limited,SURANAT&P.NS
1509,Suryalakshmi Cotton Mills Limited,SURYALAXMI.NS
1510,Surya Roshni Limited,SURYAROSNI.NS
1511,Suryoday Small Finance Bank Limited,SURYODAY.NS
1512,Sutlej Textiles and Industries Limited,SUTLEJTEX.NS
1513,Suumaya Industries Limited,SUULD.NS
1514,Suven Life Sciences Limited,SUVEN.NS
1515,Suven Pharmaceuticals Limited,SUVENPHAR.NS
1516,Suvidhaa Infoserve Limited,SUVIDHAA.NS
1517,Suzlon Energy Limited,SUZLON.NS
1518,SVP Global Ventures Limited,SVPGLOB.NS
1519,Swan Energy Limited,SWANENERGY.NS
1520,Swaraj Engines Limited,SWARAJENG.NS
1521,Swelect Energy Systems Limited,SWELECTES.NS
1522,Sterling and Wilson Renewable Energy Limited,SWSOLAR.NS
1523,Symphony Limited,SYMPHONY.NS
1524,Syngene International Limited,SYNGENE.NS
1525,Tainwala Chemical and Plastic (I) Limited,TAINWALCHM.NS
1526,Taj GVK Hotels & Resorts Limited,TAJGVK.NS
1527,Take Solutions Limited,TAKE.NS
1528,Talbros Automotive Components Limited,TALBROAUTO.NS
1529,Tanla Platforms Limited,TANLA.NS
1530,Tantia Constructions Limited,TANTIACONS.NS
1531,Tarapur Transformers Limited,TARAPUR.NS
1532,TARC Limited,TARC.NS
1533,Tarmat Limited,TARMAT.NS
1534,Tarsons Products Limited,TARSONS.NS
1535,Tasty Bite Eatables Limited,TASTYBITE.NS
1536,Tata Chemicals Limited,TATACHEM.NS
1537,Tata Coffee Limited,TATACOFFEE.NS
1538,Tata Communications Limited,TATACOMM.NS
1539,TATA CONSUMER PRODUCTS LIMITED,TATACONSUM.NS
1540,Tata Elxsi Limited,TATAELXSI.NS
1541,Tata Investment Corporation Limited,TATAINVEST.NS
1542,Tata Metaliks Limited,TATAMETALI.NS
1543,Tata Motors Limited,TATAMOTORS.NS
1544,Tata Motors DVR Limited,TATAMTRDVR.NS
1545,Tata Power Company Limited,TATAPOWER.NS
1546,Tata Steel Limited,TATASTEEL.NS
1547,Tata Steel Long Products Limited,TATASTLLP.NS
1548,Tatva Chintan Pharma Chem Limited,TATVA.NS
1549,Tribhovandas Bhimji Zaveri Limited,TBZ.NS
1550,Transport Corporation of India Limited,TCI.NS
1551,TCI Developers Limited,TCIDEVELOP.NS
1552,TCI Express Limited,TCIEXP.NS
1553,TCI Finance Limited,TCIFINANCE.NS
1554,TCNS Clothing Co. Limited,TCNSBRANDS.NS
1555,TCPL Packaging Limited,TCPLPACK.NS
1556,Tata Consultancy Services Limited,TCS.NS
1557,TD Power Systems Limited,TDPOWERSYS.NS
1558,Teamlease Services Limited,TEAMLEASE.NS
1559,Techindia Nirman Limited,TECHIN.NS
1560,Tech Mahindra Limited,TECHM.NS
1561,Techno Electric & Engineering Company Limited,TECHNOE.NS
1562,Tega Industries Limited,TEGA.NS
1563,Tejas Networks Limited,TEJASNET.NS
1564,Tembo Global Industries Limited,TEMBO.NS
1565,Tera Software Limited,TERASOFT.NS
1566,Texmaco Infrastructure & Holdings Limited,TEXINFRA.NS
1567,Texmo Pipes and Products Limited,TEXMOPIPES.NS
1568,Texmaco Rail & Engineering Limited,TEXRAIL.NS
1569,Tourism Finance Corporation of India Limited,TFCILTD.NS
1570,Transwarranty Finance Limited,TFL.NS
1571,TGB Banquets And Hotels Limited,TGBHOTELS.NS
1572,Thangamayil Jewellery Limited,THANGAMAYL.NS
1573,The Investment Trust Of India Limited,THEINVEST.NS
1574,Themis Medicare Limited,THEMISMED.NS
1575,Thermax Limited,THERMAX.NS
1576,Thomas Cook  (India)  Limited,THOMASCOOK.NS
1577,Thomas Scott (India) Limited,THOMASCOTT.NS
1578,Thyrocare Technologies Limited,THYROCARE.NS
1579,Tilaknagar Industries Limited,TI.NS
1580,Tide Water Oil Company (India) Limited,TIDEWATER.NS
1581,Technocraft Industries (India) Limited,TIIL.NS
1582,Tube Investments of India Limited,TIINDIA.NS
1583,Tijaria Polypipes Limited,TIJARIA.NS
1584,TIL Limited,TIL.NS
1585,Times Guaranty Limited,TIMESGTY.NS
1586,Time Technoplast Limited,TIMETECHNO.NS
1587,Timken India Limited,TIMKEN.NS
1588,The Tinplate Company of India Limited,TINPLATE.NS
1589,TIPS Industries Limited,TIPSINDLTD.NS
1590,Thirumalai Chemicals Limited,TIRUMALCHM.NS
1591,Tirupati Forge Limited,TIRUPATIFL.NS
1592,Titan Company Limited,TITAN.NS
1593,The Mandhana Retail Ventures Limited,TMRVL.NS
1594,Tamilnadu PetroProducts Limited,TNPETRO.NS
1595,Tamil Nadu Newsprint & Papers Limited,TNPL.NS
1596,Tamilnadu Telecommunication Limited,TNTELE.NS
1597,Tokyo Plast International Limited,TOKYOPLAST.NS
1598,Torrent Pharmaceuticals Limited,TORNTPHARM.NS
1599,Torrent Power Limited,TORNTPOWER.NS
1600,Total Transport Systems Limited,TOTAL.NS
1601,Touchwood Entertainment Limited,TOUCHWOOD.NS
1602,TPL Plastech Limited,TPLPLASTEH.NS
1603,Tree House Education & Accessories Limited,TREEHOUSE.NS
1604,TREJHARA SOLUTIONS LIMITED,TREJHARA.NS
1605,Trent Limited,TRENT.NS
1606,TRF Limited,TRF.NS
1607,Trident Limited,TRIDENT.NS
1608,Trigyn Technologies Limited,TRIGYN.NS
1609,Transformers And Rectifiers (India) Limited,TRIL.NS
1610,Triveni Turbine Limited,TRITURBINE.NS
1611,Triveni Engineering & Industries Limited,TRIVENI.NS
1612,TTK Healthcare Limited,TTKHLTCARE.NS
1613,TTK Prestige Limited,TTKPRESTIG.NS
1614,T T Limited,TTL.NS
1615,Tata Teleservices (Maharashtra) Limited,TTML.NS
1616,TV18 Broadcast Limited,TV18BRDCST.NS
1617,TVS Electronics Limited,TVSELECT.NS
1618,TVS Motor Company Limited,TVSMOTOR.NS
1619,TVS Srichakra Limited,TVSSRICHAK.NS
1620,TV Today Network Limited,TVTODAY.NS
1621,Titagarh Wagons Limited,TWL.NS
1622,United Breweries Limited,UBL.NS
1623,Ucal Fuel Systems Limited,UCALFUEL.NS
1624,UCO Bank,UCOBANK.NS
1625,Udaipur Cement Works Limited,UDAICEMENT.NS
1626,UFLEX Limited,UFLEX.NS
1627,UFO Moviez India Limited,UFO.NS
1628,The Ugar Sugar Works Limited,UGARSUGAR.NS
1629,Ugro Capital Limited,UGROCAP.NS
1630,Ujaas Energy Limited,UJAAS.NS
1631,Ujjivan Financial Services Limited,UJJIVAN.NS
1632,Ujjivan Small Finance Bank Limited,UJJIVANSFB.NS
1633,UltraTech Cement Limited,ULTRACEMCO.NS
1634,Umang Dairies Limited,UMANGDAIRY.NS
1635,Unichem Laboratories Limited,UNICHEMLAB.NS
1636,United Drilling Tools Limited,UNIDT.NS
1637,Uniphos Enterprises Limited,UNIENTER.NS
1638,Uniinfo Telecom Services Limited,UNIINFO.NS
1639,Union Bank of India,UNIONBANK.NS
1640,Unitech Limited,UNITECH.NS
1641,United Polyfab Gujarat Limited,UNITEDPOLY.NS
1642,The United Nilgiri Tea Estates Company Limited,UNITEDTEA.NS
1643,Univastu India Limited,UNIVASTU.NS
1644,Universal Cables Limited,UNIVCABLES.NS
1645,Universus Photo Imagings Limited,UNIVPHOTO.NS
1646,UPL Limited,UPL.NS
1647,Urja Global Limited,URJA.NS
1648,Usha Martin Limited,USHAMART.NS
1649,UTI Asset Management Company Limited,UTIAMC.NS
1650,Uttam Galva Steels Limited,UTTAMSTL.NS
1651,Uttam Sugar Mills Limited,UTTAMSUGAR.NS
1652,V2 Retail Limited,V2RETAIL.NS
1653,Vadilal Industries Limited,VADILALIND.NS
1654,Vaibhav Global Limited,VAIBHAVGBL.NS
1655,Vaishali Pharma Limited,VAISHALI.NS
1656,Vakrangee Limited,VAKRANGEE.NS
1657,Valiant Organics Limited,VALIANTORG.NS
1658,Vardhman Acrylics Limited,VARDHACRLC.NS
1659,Vardhman Polytex Limited,VARDMNPOLY.NS
1660,Varroc Engineering Limited,VARROC.NS
1661,Vascon Engineers Limited,VASCONEQ.NS
1662,Vaswani Industries Limited,VASWANI.NS
1663,Varun Beverages Limited,VBL.NS
1664,Vedanta Limited,VEDL.NS
1665,Venky's (India) Limited,VENKEYS.NS
1666,Venus Remedies Limited,VENUSREM.NS
1667,Vertoz Advertising Limited,VERTOZ.NS
1668,Vesuvius India Limited,VESUVIUS.NS
1669,Veto Switchgears And Cables Limited,VETO.NS
1670,V-Guard Industries Limited,VGUARD.NS
1671,Vardhman Holdings Limited,VHL.NS
1672,Viceroy Hotels Limited,VICEROY.NS
1673,Vidhi Specialty Food Ingredients Limited,VIDHIING.NS
1674,Vijaya Diagnostic Centre Limited,VIJAYA.NS
1675,Viji Finance Limited,VIJIFIN.NS
1676,Vikas EcoTech Limited,VIKASECO.NS
1677,Vikas Lifecare Limited,VIKASLIFE.NS
1678,Vikas Proppant & Granite Limited,VIKASPROP.NS
1679,Vikas WSP Limited,VIKASWSP.NS
1680,Vimta Labs Limited,VIMTALABS.NS
1681,Vinati Organics Limited,VINATIORGA.NS
1682,Vindhya Telelinks Limited,VINDHYATEL.NS
1683,Vineet Laboratories Limited,VINEETLAB.NS
1684,Vinyl Chemicals (India) Limited,VINYLINDIA.NS
1685,VIP Clothing Limited,VIPCLOTHNG.NS
1686,VIP Industries Limited,VIPIND.NS
1687,Vipul Limited,VIPULLTD.NS
1688,Visaka Industries Limited,VISAKAIND.NS
1689,Visa Steel Limited,VISASTEEL.NS
1690,Visesh Infotecnics Limited,VISESHINFO.NS
1691,Vishal Fabrics Limited,VISHAL.NS
1692,Vishnu Chemicals Limited,VISHNU.NS
1693,Vishwaraj Sugar Industries Limited,VISHWARAJ.NS
1694,Visagar Polytex Limited,VIVIDHA.NS
1695,Vivimed Labs Limited,VIVIMEDLAB.NS
1696,Vikas Lifecare Limited,VLIFEPP.NS
1697,VLS Finance Limited,VLSFINANCE.NS
1698,V-Mart Retail Limited,VMART.NS
1699,Voltamp Transformers Limited,VOLTAMP.NS
1700,Voltas Limited,VOLTAS.NS
1701,VRL Logistics Limited,VRLLOG.NS
1702,Vardhman Special Steels Limited,VSSL.NS
1703,VST Industries Limited,VSTIND.NS
1704,V.S.T Tillers Tractors Limited,VSTTILLERS.NS
1705,Vardhman Textiles Limited,VTL.NS
1706,VA Tech Wabag Limited,WABAG.NS
1707,WABCO India Limited,WABCOINDIA.NS
1708,Walchandnagar Industries Limited,WALCHANNAG.NS
1709,Wanbury Limited,WANBURY.NS
1710,Waterbase Limited,WATERBASE.NS
1711,Wealth First Portfolio Managers Limited,WEALTH.NS
1712,Websol Energy System Limited,WEBELSOLAR.NS
1713,Weizmann Limited,WEIZMANIND.NS
1714,Welspun Corp Limited,WELCORP.NS
1715,Welspun Enterprises Limited,WELENT.NS
1716,Welspun Investments and Commercials Limited,WELINV.NS
1717,Welspun India Limited,WELSPUNIND.NS
1718,Wendt (India) Limited,WENDT.NS
1719,Westlife Development Ltd,WESTLIFE.NS
1720,Wonder Fibromats Limited,WFL.NS
1721,Wheels India Limited,WHEELS.NS
1722,Whirlpool of India Limited,WHIRLPOOL.NS
1723,Williamson Magor & Company Limited,WILLAMAGOR.NS
1724,Windlas Biotech Limited,WINDLAS.NS
1725,Windsor Machines Limited,WINDMACHIN.NS
1726,WinPro Industries Limited,WINPRO.NS
1727,The Western India Plywoods Limited,WIPL.NS
1728,Wipro Limited,WIPRO.NS
1729,Wockhardt Limited,WOCKPHARMA.NS
1730,Wonderla Holidays Limited,WONDERLA.NS
1731,Worth Peripherals Limited,WORTH.NS
1732,West Coast Paper Mills Limited,WSTCSTPAPR.NS
1733,Xchanging Solutions Limited,XCHANGING.NS
1734,Xelpmoc Design And Tech Limited,XELPMOC.NS
1735,Xpro India Limited,XPROINDIA.NS
1736,Yaari Digital Integrated Services Limited,YAARI.NS
1737,Yes Bank Limited,YESBANK.NS
1738,Yuken India Limited,YUKEN.NS
1739,Zee Entertainment Enterprises Limited,ZEEL.NS
1740,Zee Learn Limited,ZEELEARN.NS
1741,Zee Media Corporation Limited,ZEEMEDIA.NS
1742,Zenith Exports Limited,ZENITHEXPO.NS
1743,Zensar Technologies Limited,ZENSARTECH.NS
1744,Zen Technologies Limited,ZENTEC.NS
1745,Zodiac Energy Limited,ZODIAC.NS
1746,Zodiac Clothing Company Limited,ZODIACLOTH.NS
1747,Zomato Limited,ZOMATO.NS
1748,Zota Health Care LImited,ZOTA.NS
1749,Zuari Agro Chemicals Limited,ZUARI.NS
1750,Zuari Global Limited,ZUARIGLOB.NS
1751,Zydus Wellness Limited,ZYDUSWELL.NS
